name,country,years,n_participations,medals,birth_year,birth_place,school_at_time,later_career,source
Aleksander Chetajev,USS,1959,1,(no award),,не найдено,не найдено,не найдено,поиск не дал результатов; возможна связь с фамилией Четаев (см. примечание)
Andrei Tom,USS,1959,1,B,1942,"Ташкент, Узбекская ССР",не установлено,"Математик: алгоритм Тоома-Кука быстрого умножения чисел (1963), клеточные автоматы («правило Тоома»). Профессор Федерального университета Пернамбуку (Бразилия). Умер в 2022 в Нью-Йорке.","Andrei Toom (наст. Андрей Львович Тоом), опечатка транслитерации на imo-official.org (Tom вместо Toom). https://en.wikipedia.org/wiki/Andrei_Toom ; упоминание бронзы 1959: https://habr.com/ru/companies/timeweb/articles/646349/"
Valeriy Frolov,USS,1959,1,HM,,не найдено,не найдено,не найдено,поиск не дал результатов
Viktor Fedorev,USS,1959,1,HM,,не найдено,не найдено,не найдено,поиск не дал результатов
Aleksei Potepun,USS,1962,1,S,,"Ленинград, СССР",кружок при Ленинградском Дворце пионеров (школа не названа),не найдено,https://olimpiada.ru/article/950
Daniar Mustari,USS,1962,1,B,1945-04-10,"Казань, РСФСР, СССР",не установлено (в 1962 поступил на мех-мат Казанского университета),"(если это Д.Х. Муштари) Мехмат Казанского университета (окончил досрочно, 1966), к.ф.-м.н. (1970), д.ф.-м.н. (1983). Специалист по функциональному анализу и некоммутативной теории вероятностей, чл.-корр. АН Татарстана (1992). Автор задачника для подготовки к олимпиадам. Умер в 2013 в Казани.","Вероятно = Данияр Хамидович Муштари (транслитерация Mustari/Муштари). https://ru.wikipedia.org/wiki/Муштари,_Данияр_Хамидович — категоризирован как победитель IMO, но год не указан явно; год рождения и возраст совпадают с версией 1962 года. НЕ стопроцентно подтверждено."
Genadi Kuranov,USS,1962,1,B,,не найдено,не найдено,не найдено,поиск не дал результатов (однофамилец-экономист не подходит по годам)
Grigori Margulis,USS,1962,1,S,1946-02-24,"Москва, РСФСР, СССР","обычная (неспециализированная) школа в Москве, номер не установлен; с 7-го класса — кружки при мехмате МГУ","Математик, мехмат МГУ (1967), к.ф.-м.н. под рук. Я. Синая (1970). Работал в ИППИ РАН, с 1991 — профессор Йельского университета. Филдсовская премия (1978), премия Вольфа (2005), Абелевская премия (2020).","https://ru.wikipedia.org/wiki/Маргулис,_Григорий_Александрович ; https://mathshistory.st-andrews.ac.uk/Biographies/Margulis/"
Iosif Bernstein,USS,1962,1,G,1945-04-18,"Москва, СССР","московская школа, номер не установлен","Математик (теория представлений, алгебраическая геометрия). Мехмат МГУ (1968), к.ф.-м.н. под рук. И. Гельфанда (1971). Преподавал в МГУ до 1981, затем эмигрировал в США (Мэриленд, Гарвард), с 1993 — профессор Тель-Авивского университета. Член Национальной академии наук США (2004), премия Израиля (2004).","https://ru.wikipedia.org/wiki/Бернштейн,_Иосиф_Наумович ; https://olimpiada.ru/article/950"
Lidia Goncarova,USS,1962,1,G,,"Москва, СССР",не установлено,не найдено,"https://olimpiada.ru/article/950 (город указан, школа не названа)"
Aleksei Tolpygo,USS,1963,1,G,"1947 (born in Kyiv, per his own interview)","Kyiv, Ukrainian SSR",not found,"Ukrainian/Soviet mathematician (PhD 1974, Moscow State University); became a well-known olympiad organizer and problem composer, co-author with G. Galperin of ""Московские математические олимпиады"" and compiler of ""Тысяча задач Турнира городов""",[high] https://7i.7iskusstv.com/y2021/nomer10/demidovich/
Anatoli Zaicev,USS,1963,1,G,,,not found,not found,[none] https://www.imo-official.org/results/individual/country/USS/
Anatoly Zvaignicev,USS,1963,1,S,,,not found,not found,[none] https://www.imo-official.org/results/individual/country/USS/
Genadiy Maloletkin,USS,1963,1,G,,,"not found (ЮМШ Leningrad, per school-history article, but this refers to a math club, not a school)",not found,[none] https://cyberleninka.ru/article/n/ob-istorii-matematicheskih-olimpiad-v-leningrade-sankt-peterburge
Kiril Andreev,USS,1963,1,B,,,not found,not found,[none] https://www.imo-official.org/results/individual/country/USS/
Rafael Sarkisyan,USS,1963,1,G,1946 (plausible),"Armenia (plausible, unconfirmed)",not found,"Likely Rafael Artashesovich Sarkisyan, doctor of physical-mathematical sciences, worked in algebra/algorithmic questions for linear algebraic groups and probability theory (Financial Academy under RF Government); name/birth-year fit is plausible but not verified as the same person",[low] https://ru.hayazg.info/Саркисян_Рафаэль_Арташесович
Sergei Smirnov,USS,1963,1,S,,,not found,not found (too common a name; no confirmed match found),[none] https://www.imo-official.org/results/individual/country/USS/
Vladimir Fishman,USS,1963,1,S,"~1944-1945 (plausible, based on death age)",,not found,"Possibly Vladimir Mikhailovich Fishman, candidate of physical-mathematical sciences, Moscow State University mech-math graduate, worked 20+ years in computational geophysics at the USSR Academy of Sciences Institute of Physics of the Earth, co-creator of the seismology τ(p)-method; died 1989 at ~44-45. Match to IMO participant is plausible by name/timeline but not directly confirmed",[low] https://www.itpz-ran.ru/ru/institut/history/fishman/
Aleksander Florensov,USS,1964,1,B,,,not found,not found,[none] https://www.imo-official.org/results/individual/country/USS/
Aleksander Vilenkin,USS,1964,1,B,,,not found,"Cannot confirm link to physicist/cosmologist Alexander Vladimirovich Vilenkin (born May 13, 1949, Kharkiv, Tufts University, cosmic strings/quantum cosmology theorist). His documented birth year (1949) would make him only 15 in 1964, and no source connects him to an IMO or any mathematical olympiad — his known biography centers on Kharkiv University physics studies from the late 1960s. Treating this as a distinct, unconfirmed person",[low] https://en.wikipedia.org/wiki/Alexander_Vilenkin
Boris Ivlev,USS,1964,1,B,"June 20, 1946","Grodno, Grodno Oblast, BSSR","Physics-Math School No. 18, Moscow (first class, 1963-1964)","Boris Mikhailovich Ivlev, Soviet mathematician/pedagogue; studied at MSU mech-math under V.I. Arnold; taught at School No. 18 until 1990; author/co-author (with Kolmogorov, Abramov, Shvartsburd) of the widely-used Soviet/Russian textbook ""Алгебра и начала анализа"" for grades 10-11; wrote for ""Квант"" magazine; died 1990 in Chernogolovka","[high] https://ru.wikipedia.org/wiki/Ивлев,_Борис_Михайлович"
David Bernstein,USS,1964,1,G,,,not found,"not found (distinct from Joseph/Iosif Bernstein, gold medalist of IMO 1962, who is a different, well-documented person; no record found of a separate ""David Bernstein"" mathematician)",[none] https://www.imo-official.org/participant_r.aspx?id=9906 ; https://en.wikipedia.org/wiki/Joseph_Bernstein
Genadiy Arhipov,USS,1964,1,G,"December 12, 1945","Yelets, Lipetsk Oblast, RSFSR (considered Orel his hometown)","School No. 24 in Orel (1953-1963), then Specialized Boarding School No. 18 (Moscow, first class 1963-1964)","Prominent number theorist; PhD 1975 and doctorate 1984 at Steklov Mathematical Institute under A. Karatsuba/I. Vinogradov's tradition; solved problems on multiple trigonometric sums and the Hilbert-Kamke problem; 1992 Markov Prize of Russian Academy of Sciences; professor at MSU, co-author of widely used ""Лекции по математическому анализу"" textbook; died 2013",[high] https://cyberleninka.ru/article/n/spetsializirovannaya-shkola-internat-18-fizikomatematicheskogo-profilya-vypusk-pervyy-1963-1964-g-na-puti-k-matematike-arhipov-gennadiy
Iliya Rips,USS,1964,1,(no award),"December 12, 1948","Riga, Latvian SSR",Riga School No. 23 (now Lomonosov Gymnasium),"Confirmed as Ilya (Eliyahu) Aronovich Rips: first Latvian schoolboy to compete in IMO; entered Latvian State University at 15-16 without exams; became a leading figure in geometric group theory (R-trees, ""Rips machine""); 1969 self-immolation protest against the Soviet invasion of Czechoslovakia, imprisoned, later emigrated to Israel (1972); professor at Hebrew University of Jerusalem; later controversial for the ""Bible Code"" (Statistical Science, 1994); died July 19, 2024, in Jerusalem","[high] https://ru.wikipedia.org/wiki/Рипс,_Илья_Аронович"
Valeriy Alekseev,USS,1964,1,S,,,"Physics-Math boarding school No. 18, Moscow (first class, graduated 1964)","Valeriy Borisovich Alekseev, mathematician specializing in mathematical cybernetics/discrete function theory; PhD 1972 MSU; long-time professor and department head at MSU's Faculty of Computational Mathematics and Cybernetics (VMK); Lomonosov Prize for teaching (2004); Honored Professor of Moscow University (2007)","[high] https://ru.wikipedia.org/wiki/Алексеев,_Валерий_Борисович ; http://www.vipschool.ru/oneperson.php?personnumber=334"
Yuri Matiashevich,USS,1964,1,G,"March 2, 1947","Leningrad, USSR","Leningrad School No. 255, then Physics-Math School No. 239 (Leningrad, 1962-1963), then Moscow boarding school No. 18 (1963-1964)","Confirmed as Yuri Vladimirovich Matiyasevich, the famous mathematician who in 1970 completed the negative solution of Hilbert's 10th Problem; academician of the Russian Academy of Sciences (2008); works at St. Petersburg Steklov Institute (POMI); president of St. Petersburg Mathematical Society","[high] https://ru.wikipedia.org/wiki/Матиясевич,_Юрий_Владимирович"
Aleksander Karzanov,USS,1965,1,S,"March 23, 1947",Moscow,not found,Mathematician specializing in combinatorial optimization and graph theory; co-inventor of preflow-based max-flow algorithms and co-author of the Hopcroft-Karp-Karzanov bipartite matching algorithm; long-time researcher at the Institute of System Analysis RAS (1977-2018) and CEMI RAS; invited speaker at ICM 1990.,[high] https://prabook.com/web/alexander_viktorovich.karzanov/456911 ; http://www.cemi.rssi.ru/about/persons/index.php?SECTION_ID=6&ELEMENT_ID=12309
Anatoliy Pereseckiy,USS,1965,1,G,1948,not found,"Physics-math boarding school No. 18 named after A.N. Kolmogorov at MSU, Moscow (graduated 1966)","Economist/econometrician; graduated MSU Mech-Math (1971), Cand. Sci. (1977), Doctor of Sciences in Economics (2010); professor at HSE University, New Economic School (NES), and CEMI RAS; works in mathematical economics, econometrics, finance.",[high] https://www.hse.ru/org/persons/42727/ ; http://www.cemi-ras.ru/about/persons/index.php?SECTION_ID=6&ELEMENT_ID=204 ; http://www.vipschool.ru/oneperson.php?personnumber=419
Andrei Zubkov,USS,1965,1,G,"December 30, 1946 (d. August 6, 2025)",Moscow,"School No. 444, Moscow (graduated 1965)","Probabilist/statistician; headed Dept. of Mathematical Statistics and Random Processes at MSU Mech-Math faculty (2005-2025); headed Discrete Mathematics Dept. at Steklov Institute (MIAN) from 1994; worked on branching processes, limit theorems, combinatorial probability, cryptography.","[high] https://ru.wikipedia.org/wiki/Зубков,_Андрей_Михайлович"
Nicolai Shirokov,USS,1965,1,G,not found (circumstantial evidence points to ~1948),not found,not found,"Mathematician, Doctor of Sciences (1985, Steklov Institute St. Petersburg branch), specialist in complex/harmonic analysis and approximation theory; professor and long-time head of the Mathematical Analysis Dept. at St. Petersburg State University; also professor at HSE St. Petersburg since 2013.",[medium] https://www.hse.ru/org/persons/95632315/ ; https://pureportal.spbu.ru/ru/persons/николай-алексеевич-широков
Pavel Bleher,USS,1965,1,G,1947,not found,not found,"Mathematical physicist; PhD under Ya. Sinai (Keldysh Institute, 1974); professor (now Chancellor's Professor Emeritus) at Indiana University Indianapolis (IUPUI); works on random matrix theory, orthogonal polynomials, Ising model, statistical mechanics.",[high] https://science.indianapolis.iu.edu/people-directory/people/bleher-pavel.html ; https://alliance.iu.edu/members/member/1856.html ; https://www.imo-official.org/participant_r.aspx?id=9949
Sergei Valander,USS,1965,1,G,not found,not found,not found,"not found (a ""С.С. Валандер"" published a 1973 probability-theory paper in ""Теория вероятностей и её применение"" — possibly the same person, but not confirmed)",[low] https://www.imo-official.org/results/individual/country/USS/
Vasiliy Stoianovski,USS,1965,1,S,not found,not found,not found,not found,[none] https://www.imo-official.org/results/individual/country/USS/
Yuri Muraviev,USS,1965,1,(no award),not found,not found,not found,not found,[none] https://www.imo-official.org/results/individual/country/USS/
Aleksander Zaimskih,USS,1966,1,B,not found,not found,not found,not found,[none] https://www.imo-official.org/results/individual/country/USS/
Andrei Marchenko,USS,1966,1,G,not found,not found,not found,not found,[none] https://www.imo-official.org/results/individual/country/USS/
Boris Matikainen,USS,1966,1,S,not found,not found,not found,not found,[none] https://www.imo-official.org/results/individual/country/USS/
Grigoriy Rosenblum,USS,1966,1,G,"not found (Facebook profile lists St. Petersburg University Class of 1972, implying birth ~1949)",not found,not found,"Mathematician (Grigori Rozenblum), specialist in spectral theory of differential/pseudodifferential operators, magnetic Schrödinger operators, and Toeplitz operators; long career at St. Petersburg institutions and the Euler International Mathematical Institute; later Professor at Chalmers University of Technology and University of Gothenburg, Sweden (now Professor Emeritus).",[medium] https://www.mathnet.ru/eng/person23499 ; https://www.chalmers.se/en/persons/grigori/ ; https://www.mathgenealogy.org/id.php?id=171604
Mihail Fokin,USS,1966,1,G,not found,not found,not found,"Likely Mikhail Valentinovich Fokin, mathematician, Doctor of Sciences, Dean of the Mechanics-Mathematics Faculty of Novosibirsk State University (since 2011) and deputy director of the Sobolev Institute of Mathematics SB RAS; per one alumnus's memoir he taught mathematics at Novosibirsk's specialized physics-math school (FMSh/SUNC NSU) as a graduate student. Name/generation/location fit but identity as the 1966 IMO medalist is not fully confirmed.",[medium] http://mmf-old.nsu.ru/person/fokin ; https://ведомостизаксобрания.рф/2023042001
Sabir Husein-Zade,USS,1966,1,G,"July 29, 1950",Moscow,not found,"Mathematician specializing in singularity theory; PhD 1975 under S. Novikov and V. Arnold; co-author with Arnold and Varchenko of ""Singularities of Differentiable Maps""; professor at Moscow State University (Mech-Math) and the Independent University of Moscow; co-editor-in-chief of the Moscow Mathematical Journal.",[high] https://en.wikipedia.org/wiki/Sabir_Gusein-Zade ; https://www.mathgenealogy.org/id.php?id=55263
Sergei Liber,USS,1966,1,(no award),not found,"possibly Saratov (per a Saratov olympiad history compilation, a Sergei Liber is listed among Saratov schoolchildren who took part in the 8th IMO in Bulgaria)",not found,not found,[low] Саратовские математические олимпиады 1950-51 -- 1994-95 (dokumen.pub search snippet)
Yuri Bogdanski,USS,1966,1,G,"June 10, 1949 (d. November 21, 2021)",Kyiv,not found,"Ukrainian mathematician specializing in functional analysis; graduated Moscow University (1971); Doctor of Sciences (1996), professor (1998) at Kyiv Polytechnic Institute (NTUU ""KPI""), Institute for Applied System Analysis, Dept. of Mathematical Methods of System Analysis.",[high] https://esu.com.ua/article-35830 ; http://mmsa.kpi.ua/history/lecturers/yuriy-v-bohdanskyy
Aleksander Livshic,USS,1967,1,G,not found,not found,not found,not found,[none] https://www.imo-official.org/results/individual/country/USS/ (no matching biography despite spelling variants Livshits/Lifshitz/Livshic)
Andrei Suslin,USS,1967,1,G,27 December 1950,"Leningrad, USSR",not found,"Became one of the most prominent Soviet/American algebraists: proved Serre's conjecture (Quillen-Suslin theorem, 1976), the Merkurjev-Suslin theorem (1982), collaborated with Voevodsky on motivic cohomology; professor at Northwestern University from 1994; 2000 Cole Prize in Algebra (AMS); died 10 July 2018 in St. Petersburg.","[high] https://ru.wikipedia.org/wiki/Суслин,_Андрей_Александрович ; https://indicator.ru/mathematics/umer-matematik-andrej-suslin-10-07-2018.htm"
Igor Krichever,USS,1967,1,S,8 October 1950,"Kuybyshev (now Samara), USSR (raised in Taganrog from age ~7)",Kolmogorov physics-math boarding school in Moscow (per own account),"Graduated MSU mekhmat 1972; became a leading mathematical physicist -- Krichever construction/genus, Krichever-Novikov equation and algebras, Baker-Akhiezer functions, integrable systems theory; professor and dean (2008-2011) of mathematics at Columbia University, also Skoltech/HSE/Landau Institute; died 1 December 2022.","[high] https://ru.wikipedia.org/wiki/Кричевер,_Игорь_Моисеевич"
Mikhail Boshernican,USS,1967,1,S,1950,"Chernovtsy (Chernivtsi), Ukrainian SSR","Kolmogorov boarding school in Moscow (internat No. 18, later SUNC MSU), entered at age 15","Emigrated to Israel early 1970s, then US; became Michael Boshernitzan, professor of mathematics at Rice University (Houston) 1982-2019, specialist in ergodic theory/interval exchange transformations (""Boshernitzan condition""), longtime coach of Rice's Putnam team; died 28 August 2019.",[high] https://news2.rice.edu/2019/09/03/rice-mourns-mathematics-professor-michael-boshernitzan/ ; https://www.dignitymemorial.com/obituaries/bellaire-tx/michael-boshernitzan-8838149
Sergei Sobolev,USS,"1967, 1968",2,"B, G",not found,not found,not found,not found -- explicitly not the famous elder mathematician Sergei L. Sobolev (b. 1908); no distinct younger namesake could be verified,"[none] https://www.imo-official.org/results/individual/country/USS/ (confirms same person scored 27 to 40, bronze then gold, but no biography located)"
Viktor Turchaninov,USS,1967,1,G,not found,not found,not found,not found,[none] https://www.imo-official.org/results/individual/country/USS/
Vyacheslav Kharlamov,USS,1967,1,B,28 January 1950,"Leningrad, USSR",not found (later taught at school-internat No. 45 in Leningrad from 1968),"Studied at Leningrad State University 1967-1972 under V. A. Rokhlin; became a leading real algebraic geometry researcher (partial solution of Hilbert's 16th problem), professor at Sorbonne/University of Strasbourg since 1991, co-author of textbook ""Elementary Topology"".","[high] https://ru.wikipedia.org/wiki/Харламов,_Вячеслав_Михайлович"
Yuri Zharinov,USS,1967,1,S,not found,not found,not found,not found,[none] https://www.imo-official.org/results/individual/country/USS/
Genadiy Beli,USS,1968,1,B,2 February 1951,"Magnitogorsk, Chelyabinsk Oblast, RSFSR, USSR",physics-math boarding school in Kyiv (graduated 1968),"Plausibly Gennady Vladimirovich Belyi, celebrated for Belyi's theorem (1979), foundational to Grothendieck's dessins d'enfants theory; PhD 1978 Steklov Institute under Igor Shafarevich; docent at Vladimir State University; invited speaker ICM Berkeley 1986; died 29 January 2001. Match based on plausible transliteration (Beli = Белый) and timeline, not explicitly confirmed.","[medium] https://ru.wikipedia.org/wiki/Белый,_Геннадий_Владимирович"
Mikhail Blyudze,USS,1968,1,G,not found,not found,not found,"possibly Mikhail Yuryevich Blyudze, listed as a 1974 graduate of the Mathematical Analysis Department of Leningrad/St. Petersburg State University -- unconfirmed match",[low] https://analysis.spbu.ru/history/vypuskniki.pdf
Pavel Kurchanov,USS,1968,1,G,2 September 1951,not found,not found,"Graduated MSU mekhmat 1973, PhD 1977, docent 1981; taught mathematics at Moscow Institute of Railway Engineers (MIIT) 1976-1991; moved into finance/banking in the 1990s (RINAKO Depository, ONEXIM Bank, Interros, NIKoil); later headed foreign investment department of Russian Railways (RZhD) 2006-2014.",[medium] https://wiki.letopis.ru/index.php?title=Курчанов_Павел_Фёдорович
Valeriy Fedotov,USS,1968,1,G,not found,not found,not found,not found,[none] https://www.imo-official.org/results/individual/country/USS/
Viktor Kumarin,USS,1968,1,S,not found,not found,not found,not found,[none] https://www.imo-official.org/results/individual/country/USS/
Vladimir Makarichev,USS,1968,1,B,not found,not found,not found,not found,[none] https://www.imo-official.org/results/individual/country/USS/
Vladimir Ponomarenko,USS,1968,1,G,not found,not found,not found,not found,[none] https://www.imo-official.org/results/individual/country/USS/
Andrei Hodulev,USS,"1969, 1970",2,"S, G",7 Oct 1953,"Kalinin (now Tver), USSR","Физико-математическая школа-интернат при МГУ им. А.Н. Колмогорова (Kolmogorov boarding school, entered 1968)","Graduated MSU mech-math 1975 with honors, PhD 1984; researcher at Keldysh Institute of Applied Mathematics; pioneer of physically-accurate computer graphics/Monte Carlo ray tracing in the USSR (deceased per memorial page)",[high] https://keldysh.ru/memory/khodulev/first_steps.htm
Andrei Prasolov,USS,1969,1,S,11 Aug 1952,"Sarapul, Udmurtia, Russian SFSR",not found,"Mathematician (K-theory, homological algebra, topology); PhD MSU 1978; since early 1990s professor at UiT The Arctic University of Norway, Tromso",[medium] https://prabook.com/web/andrei_vasilievich.prasolov/3488365 ; https://en.uit.no/ansatte/andrei.prasolov
Andrei Zelevinski,USS,1969,1,S,30 Jan 1953,"Moscow, USSR",Moscow Mathematical School No. 2,"Major mathematician (representation theory, combinatorics -- Bernstein-Zelevinsky classification, cluster algebras with S. Fomin); professor at Northeastern University (Boston) 1991 until death in 2013; AMS Fellow, Steele Prize (posthumous, 2018)",[high] https://en.wikipedia.org/wiki/Andrei_Zelevinsky
Arkadiy Klimov,USS,"1969, 1970",2,"B, G",not found,not found,not found,"Likely computer scientist Аркадий Владимирович Климов, senior researcher at IPPM RAS, one of the principal developers of the Refal compiler (with V. Turchin and S. Romanenko, work begun 1969, completed 1975) and later author of Refal-6/Refal-6-Java dialects",[low-medium] https://pat.keldysh.ru/~roman/refal/rfc-history/
Elena Neklyudova,USS,1969,1,B,not found,not found,not found,not found,[none] no reliable matching source found
Pavel Suvorov,USS,1969,1,(no award),not found,not found,not found,not found,[none] no matching source found
Valeriy Soloviev,USS,1969,1,B,not found,not found,not found,not found,[none] no reliable matching source found
Vladimir Drinfeld,USS,1969,1,G,14 Feb 1954 (some sources say 4 Feb 1954),"Kharkiv, USSR",not found,"Fields Medalist (1990), Wolf Prize (2018), Shaw Prize (2023); professor at University of Chicago; founder of theory of quantum groups, geometric Langlands program","[high] https://ru.wikipedia.org/wiki/Дринфельд,_Владимир_Гершонович"
Aleksander Korlyukov,USS,1970,1,B,not found,not found,not found,not found,[none] no matching source found (a modern chemist of the same surname exists but timeline/field do not match)
Aleksei Aleksandrov,USS,"1970, 1971",2,"S, S",not found,not found,not found,not found,[none] common surname; no matching mathematician biography found
Sergei Semenkov,USS,1970,1,B,not found,not found,not found,not found,[none] no matching source found
Velo Altlies,USS,1970,1,B,not found,not found,not found,not found,"[none] name may be a mistransliteration in IMO records, could not verify"
Aleksander Chistov,USS,1971,1,B,,,not found,"Possibly Alexander Leonidovich Chistov, computational algebraist at St. Petersburg Dept. of Steklov Mathematical Institute (POMI RAS); algorithms for polynomial equation systems/algebraic varieties; publication record 1976-2025",[medium] https://www.mathnet.ru/rus/person33642
Dimitriy Logachev,USS,1971,1,S,,,not found,"Possibly Dmitry Yuryevich Logachev, algebraic geometer/number theorist, IITP RAS, later Universidad Simon Bolivar (Venezuela) and Universidade Federal do Amazonas (Brazil); works on L-functions of Carlitz/Drinfeld modules -- identity as 1971 contestant not independently confirmed",[low] https://www.mathnet.ru/rus/person20947
Evgeniy Salinen,USS,1971,1,B,,,not found,not found,[none] no matching person found under this name or plausible variants
Mikhail Cfasman,USS,1971,1,S,23 July 1954,"Moscow, USSR","Moscow Mathematical School No. 2, graduated 1971","Michael (Moisei) Tsfasman -- major algebraic geometer/coding theorist; PhD 1983 (Leningrad Steklov, advisor Yu. Manin), Doctor of Sciences 1991 (IPPI RAS); CNRS director of research (France); pro-rector/professor at the Independent University of Moscow; known for algebraic-geometric codes improving asymptotic bounds","[high] https://www.sch2.ru/alumnus/2969-mikhail-tsfasman ; https://ru.ruwiki.ru/wiki/Цфасман,_Михаил_Анатольевич"
Oleg Lyashko,USS,1971,1,S,,,Possibly SUNC MSU math department,Listed once as Oleg Viktorovich Lyashko among SUNC MSU math faculty; no further verifiable biography found; distinct from Ukrainian politician Oleg Lyashko (b.1972) and Kazan mathematician Anatoly Lyashko (b.1930),[low] http://internat.msu.ru/structure/chairs/math/staff-math/
Sergei Gashkhov,USS,1971,1,G,25 Sept 1954,"Volkhov, Leningrad Oblast, USSR","Boarding school (интернат) at MSU 1969-1971, predecessor of SUNC MSU","Professor of discrete mathematics at MSU (mekhmat), works on Boolean circuit complexity/cryptography, has taught at SUNC MSU since 1973, author of ~20 books and many popular-science texts",[high] https://www.mgu-club.ru/person.php?i=81221 ; https://istina.msu.ru/profile/gashkov/
Vasiliy Erokhin,USS,1971,1,S,,,not found,not found,[none] no reliable match found
Aleksander Merkuryev,USS,1972,1,S,25 Sept 1955,"Leningrad, USSR",not found (graduated Leningrad State University 1977),"Alexander Merkurjev -- world-renowned algebraist; proved Merkurjev-Suslin theorem; professor at UCLA since 1997; AMS Cole Prize in Algebra (2012), Guggenheim Fellowship, Humboldt Prize",[high] https://en.wikipedia.org/wiki/Alexander_Merkurjev
Aleksander Shapovalov,USS,1972,1,B,1955,"rural village school, Kazakh SSR",moved via Correspondence Mathematical School to physics-math boarding school No. 18 at MSU (future SUNC MSU) in 1971,"Alexander Shapovalov -- renowned Russian olympiad-problem composer and math-circle organizer; PhD mekhmat MSU; author of many olympiad books; composes problems for Tournament of Towns, Sharygin Olympiad, Russian Olympiad, Savin Tournament; based in Sweden",[high] http://geometry.ru/persons/shapovalov.php
Andrei Golberg,USS,1972,1,S,,,not found,not found,[none] no matching person found (not the later IMO 2002 medalist Oleg Golberg)
Sergei Belkin,USS,1972,1,S,,,not found,not found,[none] no matching person found
Sergei Konyagin,USS,"1972, 1973",2,"G, G",,,,,
Vladimir Burkov,USS,1972,1,G,,,not found,not found,[none] (a control-theory scientist of same name born 1939 was ruled out as too old)
Vladimir Shvarc,USS,1972,1,S,,,not found,not found,[none] no matching person found
Yuri Kolmakov,USS,1972,1,B,,,not found,not found,[none] no matching person found
Dmitriy Leshiner,USS,1973,1,S,,,,"Possible match: Dmitry Leshchiner, affiliated with MIPT and later microwave holographic imaging research, but identity with IMO medalist unconfirmed",[low] https://www.researchgate.net/profile/Dmitry-Leshchiner-2
Evgeny Khukhro,USS,1973,1,B,c. 1956 (inferred from a 60th-anniversary conference held in 2016),not found,not found,"Evgeny Khukhro -- leading group theorist (finite p-groups, Lie rings, Burnside/Hughes/Hartley problems); PhD 1980, DSc 1988 via Novosibirsk University/Sobolev Institute; since 2014 professor at University of Lincoln UK; leading researcher at Sobolev Institute of Mathematics, Novosibirsk; co-editor of the Kourovka Notebook","[high (career), low (birth date)] https://www.mathnet.ru/eng/person18789 ; https://math.nsc.ru/pns/eih"
Georgiy Egorov,USS,1973,1,G,,,,not found; distinct from the Soviet admiral of the same name,[none] https://www.imo-official.org/results/individual/country/USS/
Konstantin Yursha,USS,1973,1,B,,,,not found,[none] no usable sources found
Naum Golcman,USS,1973,1,B,,,,not found; searches only surfaced an unrelated physicist Grigory Naumovich Goltsman,[none] https://www.mathnet.ru/rus/person75744
Pavel Grozman,USS,1973,1,G,18 January 1957 -- 7 March 2022,not found,not found,"Pavel Yakovlevich Grozman, worked at Stockholm University/EQUA Simulation AB; specialist in Lie superalgebras and their deformations, co-author with Dimitry Leites of the SuperLie Mathematica package",[high] https://www.mathnet.ru/eng/person21036
Viktor Budaev,USS,1973,1,S,5 January 1956,"Smolensk, RSFSR",not found (was in 10th grade at time of All-Union olympiad),"Graduated MSU Computational Math & Cybernetics (1978); Doctor of Sciences (1993) in differential equations; long-time professor and Dean of Mathematics Faculty at Herzen State Pedagogical University, St. Petersburg; official bio confirms 1973 All-Union olympiad winner and IMO 1973 laureate (2nd place)",[high] http://vmk78.narod.ru/Doctors/budaev.pdf
Alexander Grigorjan,USS,1974,1,G,14 January 1957,"Baku, Azerbaijan SSR",not found (educated at Lomonosov MSU),"Alexander Grigor'yan -- renowned analyst, heat kernels/stochastic analysis on manifolds/graphs/fractals; MSU MSc 1979, PhD 1982; professor at Imperial College London (1994-2005), then Bielefeld (since 2005); Whitehead Prize (LMS 1997), 2019 Humboldt Research Prize",[medium] https://www.math.uni-bielefeld.de/~grigor/
Andrej Brailov,USS,1974,1,S,,,,"Likely A. V. Brailov, co-author with A.T. Fomenko of 1980s papers on topology of integral submanifolds of integrable Hamiltonian systems; suggests MSU mech-math background, identity/birth data unconfirmed",[low-medium] https://www.mathnet.ru/php/getFT.phtml?jrnid=sm&paperid=2764&what=fullteng&option_lang=eng
Dimitri Tjukavkin,USS,1974,1,G,,,,not found,[none] no usable sources found
Igor Ananjevski,USS,1974,1,(no award),16 October 1956,"Zlatoust, Chelyabinsk Oblast, USSR",physics-math boarding school affiliated with Leningrad State University (grades 8-10),"Likely Igor Ananievsky -- mechanics/control-theory specialist; graduated Leningrad State University; since 1984 at Institute for Problems in Mechanics RAS, professor (2001); taught at MIEM and since 2003 at MIPT","[medium] https://ru.wikipedia.org/wiki/Ананьевский,_Игорь_Михайлович"
Igor Sivizki,USS,1974,1,B,,,,"Possible match: I.Ya. Sivitskii, author of a 1985 paper on torsion in Milnor's K-groups for a local field -- identity unconfirmed",[low] https://www.mathnet.ru/rus/person22847
Michail Gussarov,USS,1974,1,S,8 March 1958,"Leningrad, USSR",not found,"Mikhail Goussarov -- topologist, studied at Leningrad University under V. Rokhlin (fellow students Eliashberg, Gromov, Turaev, Viro); independently discovered finite-type (Vassiliev-Gusarov) knot invariants; worked at PDMI/LOMI; died 25 June 1999 in Tel Aviv (drowning accident)",[high] https://www.math.utoronto.ca/drorbn/Goussarov/
Nikolaj Tschernov,USS,1974,1,B,10 November 1956,"Kryvyi Rih, Ukrainian SSR","not found (PhD at MSU, 1984)",Likely Nikolai Chernov -- dynamical systems/ergodic theory specialist known for work on chaotic billiards; PhD 1984 MSU under Yakov Sinai; professor at University of Alabama at Birmingham from 1994 until death in 2014,[medium] https://en.wikipedia.org/wiki/Nikolai_Chernov
Sergej Fomin,USS,1974,1,S,16 February 1958,"Leningrad, USSR",Leningrad Physics-Mathematics School No. 45 (studied and later taught there),"Sergey Fomin -- prominent combinatorialist, PhD 1982 (Leningrad State University); with Andrei Zelevinsky introduced cluster algebras; professor at University of Michigan; 2018 AMS Steele Prize; confirmed IMO 1974 USSR participant",[high] https://en.wikipedia.org/wiki/Sergey_Fomin
Aleksandr Koriyushkin,USS,1975,1,S,,,not found,not found,[low] https://blog.tanyakhovanova.com/2018/12/my-1975-imo-team/
Aleksandr Reznikov,USS,1975,1,S,14 January 1960,"Kiev, Ukrainian SSR",not found,"Geometer/topologist (Riemannian & symplectic geometry, geometric group theory); proved the Bloch conjecture on representations of fundamental groups of algebraic varieties; barred from a Kiev University doctorate for antisemitic reasons, worked as a laborer in Tajikistan/Lithuania before an academic career; died 5 September 2003",[high] https://peoplepill.com/people/alexander-reznikov ; https://blog.tanyakhovanova.com/2018/12/my-1975-imo-team/
Boris Yusin,USS,1975,1,G,,,not found,not found,[low] https://blog.tanyakhovanova.com/2018/12/my-1975-imo-team/
Georgij Shmelev,USS,1975,1,B,,,not found,"not found (Khovanova's blog names this teammate ""Yuri Shmelev"" -- possible name discrepancy)",[low] https://blog.tanyakhovanova.com/2018/12/my-1975-imo-team/
Ilya Yunus,USS,1975,1,B,,,not found,not found,[low] https://blog.tanyakhovanova.com/2018/12/my-1975-imo-team/
Sergei Finashin,USS,"1975, 1976",2,"B, G",12 November 1958,"Leningrad, RSFSR",not found,"Confirmed as Sergey Finashin; full professor of topology/real algebraic geometry at Middle East Technical University (Ankara, Turkey); EMS Prize 1992, invited speaker ICM 1994; called ""the highest achiever"" of the 1976 team by Khovanova",[high] https://users.metu.edu.tr/serge/
Tatyana Hovanova,USS,"1975, 1976",2,"S, G",25 January 1959,"Moscow (implied, unconfirmed)",not found,"Confirmed as Tanya (Tatiana) Khovanova; lecturer at MIT, second woman ever to win IMO gold (1976); works in representation theory/quantum groups, runs a math blog, co-founded MIT PRIMES; was married to Joseph Bernstein",[high] https://en.wikipedia.org/wiki/Tanya_Khovanova
Yurij Neretin,USS,1975,1,B,1959 (year only),not found,not found,"Yurii Neretin; infinite-dimensional groups/representation theory; long career at ITEP, later Univ. of Vienna, MSU, now University of Graz",[medium] https://www.mat.univie.ac.at/~neretin/
Aleksandr Goncharov,USS,1976,1,G,7 April 1960,not found (Russian Wikipedia flags birthplace as unlisted),not found,"Confirmed as Alexander Goncharov; professor at Yale, arithmetic algebraic geometry/cluster varieties/polylogarithms; EMS Prize 1992, ICM invited speaker 1994; ""highest achiever"" of the 1976 team","[high] https://ru.wikipedia.org/wiki/Гончаров,_Александр_Борисович"
Boris Solomyak,USS,1976,1,S,,not found,not found,"Professor of Mathematics at Bar-Ilan University; fractal geometry, dynamical systems, Bernoulli convolutions; Fellow of the AMS; son of mathematician Mikhail Solomyak",[medium] https://u.math.biu.ac.il/~solomyb/personal.html
Nikita Necvetaev,USS,1976,1,G,"? (graduated Leningrad Physics-Math boarding school in 1976, implying birth ~1958-59)",not found,Leningrad Physics-Math boarding school (now Academic Gymnasium of SPbSU),"Full professor and head of Higher Geometry dept. at St. Petersburg State University; co-author of textbook ""Elementary Topology"" (with Viro, Ivanov, Kharlamov)",[medium] https://agym.spbu.ru/gimnaziya/vydayushchiesya-vypuskniki.html
Petr Grinevich,USS,1976,1,S,1959 (year only),not found,not found,Confirmed as Petr Grinevich; senior researcher at Landau Institute for Theoretical Physics and professor at MSU (Higher Geometry & Topology); integrable systems and mathematical physics,[high] http://www.itp.ac.ru/ru/persons/grinevich-piotr-georgievich/
Sergej Mironov,USS,1976,1,S,,,not found,"Per Khovanova's blog, ""became seriously ill as an undergraduate and stopped doing mathematics""",[low] https://blog.tanyakhovanova.com/2016/02/where-is-my-team-now/
Yurij Burov,USS,1976,1,B,,,not found,"Per Khovanova's blog, wrote two math papers, left mathematics after graduate school, and died several years ago from multiple sclerosis",[low] https://blog.tanyakhovanova.com/2016/02/where-is-my-team-now/
Aleksandr Kodrian,USS,1977,1,(no award),,,not found,not found,[none] no matching source found
Amiran Ambroladze,USS,1977,1,S,,"Georgia (likely, unconfirmed exact city)",not found,"Later a mathematician at Lund University, Sweden, working on ergodic theory/random dynamical systems and statistical learning theory (PAC-Bayes bounds); more recently Dean, Dept. of Computer Science, Free University of Tbilisi, Georgia",[high] https://lup.lub.lu.se/search/person/math-aam
Andrei Auzins,USS,1977,1,B,,,not found,not found,[none] no matching source found
Andrei Churbanov,USS,1977,1,B,,,not found,not found,[none] no matching source found
Dmitrii Flaas,USS,1977,1,B,7 or 8 September 1962,"Perm, USSR","ФМШ (physics-math boarding school) at Novosibirsk State University, enrolled 1975 at age 13","This is Dmitry Germanovich von der Flaass (Фон-дер-Флаасс). Won IMO bronze in Belgrade at just 14-15. Became a mathematician, senior researcher at the Sobolev Institute of Mathematics SB RAS in Novosibirsk, specialist in combinatorics; long-time olympiad problem composer and coach for USSR/Russian teams (also coached UK, Kazakhstan, Yakutia teams). Died 10 June 2010 of esophageal cancer","[high] https://ru.wikipedia.org/wiki/Фон-дер-Флаасс,_Дмитрий_Германович"
Grigorii Rybnikov,USS,1977,1,G,,not found,not found,"Likely Grigory Rybnikov, associate professor at HSE / IITP RAS and Independent University of Moscow, works on matroid theory, oriented matroids, hyperplane arrangements",[medium] https://www.mathnet.ru/rus/person24686
Viktor Galperin,USS,1977,1,S,~1960-61 (implied),not found,"School No. 57, Moscow",Distinct person from olympiad coach Grigory Galperin (Eastern Illinois University). Graduated School No. 57 Moscow (class of 1978); became a documented case in studies of antisemitic discrimination in MSU mekhmat admissions. No later career found,[medium] https://roman-kr.livejournal.com/408021.html
Yaroslav Vinnishin,USS,1977,1,B,,,not found,not found,[none] no matching source found
Aleksandr Degtiarev,USS,1979,1,B,,,not found,"Confirmed: Alexander Degtyarev, mathematician in real algebraic geometry/topology of plane algebraic curves, affiliated with Steklov Mathematical Institute (POMI) and Bilkent University, Ankara, Turkey",[high (identity)] https://www.mathnet.ru/rus/person9150
Aleksandr Razborov,USS,1979,1,G,16 February 1963,"Belovo, Kemerovo Oblast, RSFSR, USSR",Moscow Physics-Mathematical School No. 2 (graduated 1980),"Confirmed: Alexander Razborov, world-famous computational complexity theorist. MSU mekhmat 1987, PhD 1987, DSc 1991. Nevanlinna Prize (1990); Godel Prize (2007, with Steven Rudich); corresponding member of RAS (2000); Steklov Institute and IAS Princeton; since 2008 professor at University of Chicago",[high] https://en.wikipedia.org/wiki/Alexander_Razborov
Andrei Ljahovec,USS,1979,1,S,,,not found,not found,[none] no matching source found
Igor Lisenok,USS,1979,1,S,16 August 1963,,not found,"Confirmed: Igor Lysenok, winner of the All-Union Mathematical Olympiad 1978 and 1979. Graduated MSU mekhmat, PhD 1989 (advisor Sergei Adian), DSc 1997 (Burnside problem). Since 1985 at Steklov Mathematical Institute; also professor at Stevens Institute of Technology. Laureate of Moscow Mathematical Society Prize (1990)","[high] https://ru.wikipedia.org/wiki/Лысёнок,_Игорь_Геронтьевич"
Ilija Zaharevič,USS,1979,1,G,,,not found,"Likely Ilya Zakharevich: PhD MSU; later Assistant Professor at Ohio State University working on algebraic/geometric aspects of integrable systems; also well known in the Perl community (operator overloading, regex engine work, OS/2 Perl port). Link to 1979 IMO roster not independently confirmed",[medium] http://math.berkeley.edu/~serganov/ilyaz.org/interview/interview-local-copy.html
Mihail Rudkovski,USS,1979,1,S,,,not found,"Possible match: M.A. Rudkovskii, author of ""Twisted product of Lie groups,"" Siberian Mathematical Journal 1997 -- unconfirmed",[low] https://www.mathnet.ru/rus/person28553
Murman Amdroladze,USS,1979,1,(no award),,,not found,"Possible match: M.U. Ambroladze, author of papers on growth rate of orthogonal polynomials (1989, 1991) -- overlaps with Amiran Ambroladze's field, suggesting possible family connection, not confirmed",[low] https://www.mathnet.ru/rus/person19241
Sergei Hlebutin,USS,1979,1,S,,,not found,not found,[none] no matching source found
Airat Chanyshev,USS,1981,1,S,,,,not found,[none] no matching source found
Andrei Aralkin,USS,1981,1,B,,,"School No. 11, Novokuznetsk (Kemerovo Oblast) -- per a teacher's memoir naming him among standout students",not found beyond schooling,[medium] https://ipk.kuz-edu.ru/index.php/struktura/8-kategoriya/785-khomyakov-dmitrij-nikiforovich
Mikhail Grinchuk,USS,1981,1,G,,,,Possibly discrete-mathematics author M.I. Grinchuk (complexity of realizing boolean-matrix sequences); identity not confirmed,[low] https://ru.wikipedia.org/wiki/Суперлогарифм
Valery Alexeev,USS,1981,1,G,1964,,,"Algebraic geometer; PhD from Lomonosov Moscow State University (1990); David C. Barrow Professor at University of Georgia, works on moduli of algebraic varieties/degenerations",[medium] https://en.wikipedia.org/wiki/Valery_Alexeev_(mathematician)
Yuri Chekanov,USS,1981,1,G,,,,"Symplectic/contact topologist, former student of V.I. Arnold; co-creator of the Chekanov-Eliashberg differential graded algebra for Legendrian knots; Steklov Mathematical Institute, IAS scholar (2022)",[medium] https://www.ias.edu/scholars/yuri-vitalievich-chekanov
Yuri Ekishev,USS,1981,1,S,,,,"not found -- a namesake writer/playwright from Syktyvkar claims an unrelated 1976 olympiad win, timeline doesn't match, unverified",[low] https://komiinform.ru/news/144386
Alexander Szpivak,USS,1982,1,S,23 November 1966,"Sterlitamak, Bashkir ASSR",,"Likely Alexander Vasilyevich Spivak: math teacher/textbook author, long-time organizer of ""Malyi Mekhmat"" at MSU, taught at Moscow schools 1018/1101/1543, ""Soros Teacher""; his wiki page states his 1982 IMO silver came the same year Perelman won gold","[high] https://ru.wikipedia.org/wiki/Спивак,_Александр_Васильевич"
Grigorij Perelman,USS,1982,1,G,13 June 1966,"Leningrad, USSR","Physics-Mathematics School No. 239, Leningrad",World-famous mathematician; proved the Poincare and Thurston geometrization conjectures via Ricci flow (2002-2003); declined the 2006 Fields Medal and the 2010 Clay Millennium Prize,"[high] https://ru.wikipedia.org/wiki/Перельман,_Григорий_Яковлевич"
Konstantin Matveev,USS,1982,1,G,~1989-1990 (not precisely confirmed),Omsk,Omsk Lyceum No. 66,"Mathematician; Assistant Professor, Rutgers University Dept. of Mathematics; Lie/representation theory, asymptotic representation theory, algebraic combinatorics, probability (q-RSK correspondences)",[high] https://www.imo-official.org/results/team/year/2007/country/RUS/
Vladimir Titenko,USS,1982,1,B,,,,not found,[none] no matching source found
Alexandre Semionov,USS,1983,1,B,,,,not found (too common a name),[none] no matching source found
Igor Joukov,USS,1983,1,S,,,,"not found -- a number theorist Igor Zhukov (local fields, ramification theory) at SPbSU/Steklov POMI exists but identity unconfirmed",[low] no matching source found
Konstantine Kokase,USS,1983,1,B,,,,"not found (likely Georgian competitor, transliteration uncertain)",[none] no matching source found
Léonide Parnovski,USS,1983,1,G,,,,"Spectral theory/PDE researcher; Professor of Pure Mathematics at University College London, periodic/almost-periodic spectral problems and Schrodinger operators; prior ties to MSU and University of Sussex",[medium] https://profiles.ucl.ac.uk/2506-leonid-parnovski
Vladimir Bouritchenko,USS,1983,1,S,,,,not found,[none] no matching source found
Yanis Britals,USS,1983,1,S,,,,"not found (likely Latvian; surname possibly ""Britāls"")",[none] no matching source found
Andrey Astrelin,USS,1984,1,G,winter 1968/1969,"Akademgorodok, Novosibirsk","School No. 119, Akademgorodok","PhD (kandidat nauk) MSU Mech-Math 1992, computational mathematics; worked on 3D-scanner software (Surfaser) and taught programming at MSU; died 13 Jan 2017 of glioblastoma",[high] http://superliminal.com/andrey/biografiya.html
Evgeniy Abakumov,USS,1984,1,G,"? (entered boarding school 1981, implying birth ~1966-67)",not found,"Physics-math boarding school at Leningrad State University, entered 1981 (now Academic Gymnasium named after D.K. Faddeev, SPbSU)","Graduated SPbGU Math-Mech 1991; PhD Universite Bordeaux I (1994); worked at Steklov Institute (POMI) 1991-98; now professor, Universite Gustave Eiffel (Paris-Est), France; functional/complex analysis",[high] https://agym.spbu.ru/2-category/828-abakumov-evgenij-valerevich.html
Fedor Nazarov,USS,1984,1,G,1967,"not found (likely Leningrad, unconfirmed)",not found,"PhD St. Petersburg University 1993 (advisor V.P. Khavin); professor at Michigan State (1995-2007), Wisconsin-Madison (2007-2011), Kent State University (since 2011); Salem Prize 1999; invited ICM speaker 2010",[high] https://en.wikipedia.org/wiki/Fedor_Nazarov
Konstantin Ignatiev,USS,1984,1,G,,not found,not found,not found,[none] no matching source found
Leonid Oridoroga,USS,1984,1,G,,not found,not found,"Kandidat fiz.-mat. nauk; associate professor, Dept. of Mathematical Analysis, Donetsk State/National University; also Institute of Applied Mathematics and Mechanics; functional analysis, Riesz-basis properties of Dirac-type operators",[medium] https://donnu.ru/math/made/oridoroga-leonid-leonidovich
Sergei Strukov,USS,1984,1,S,,not found,not found,not found,[none] no matching source found
Anatoly Malevanets,USS,1985,1,S,,not found,not found,not found,[none] no matching source found
Dmitry Bibin,USS,1985,1,B,,not found,not found,not found,[none] no matching source found
Lev Ivanov,USS,1985,1,B,,not found,not found,not found (name too common),[none] no matching source found
Mati Pentous,USS,1985,1,(no award),16 July 1967,"Tallinn, Estonian SSR",not found,"Graduated MSU Mech-Math 1992; proved decidability of Chomsky's conjecture for Lambek categorial grammars (1993); doctor of sciences 2001; professor, Dept. of Mathematical Logic and Theory of Algorithms, MSU (since 2004); mathematical logic and linguistics","[high] https://ru.wikipedia.org/wiki/Пентус,_Мати_Рейнович"
Oleg Bondarenko,USS,1985,1,S,,not found,not found,not found,[none] no matching source found
Olga Leonteva,USS,1985,1,G,,not found,not found,not found (possible name change after marriage),[none] no matching source found
Anton Lunin,USS,1986,1,S,,not found,not found,not found,[none] no matching source found
Gennadij Gluščenko,USS,1986,1,S,,not found,not found,not found,[none] no matching source found
Sigitas Kiaras,USS,1986,1,S,,not found,not found,not found (only IMO profile page found),[none] https://www.imo-official.org/participant_r.aspx?id=11011
Stanislav Smirnov,USS,"1986, 1987",2,"G, G",3 September 1970,"Leningrad, USSR","School No. 239, Leningrad",Fields Medalist 2010 for conformal invariance of percolation and the 2D Ising model; professor at University of Geneva; founded the Chebyshev Laboratory at St. Petersburg State University,"[high] https://ru.wikipedia.org/wiki/Смирнов,_Станислав_Константинович"
Viktor Porošin,USS,1986,1,S,,not found,not found,not found,[none] no matching source found
Vladimir Roganov,USS,1986,1,G,,not found,not found,"Possible match: Vladimir Roganov, researcher in parallel/distributed computing (T-System/OpenTS, MPI+T++); identity not conclusively confirmed",[low] https://istina.msu.ru/profile/var/
Igor Puhov,USS,1987,1,S,,,,not found,[none] no matching source found
Ilya Binder,USS,1987,1,S,,,,"Complex analysis/potential theory researcher; professor at University of Toronto (previously Harvard, Yale, UIUC); PhD Caltech 1997 under Nikolai Makarov; BSc/MSc St. Petersburg State University 1992; interim president of the Canadian Mathematical Society",[high] https://www.math.toronto.edu/ilia/cv.htm
Konstantin Sturkas,USS,1987,1,S,,,,not found,[none] no matching source found
Lev Borisov,USS,1987,1,G,,,,"Algebraic geometer; Distinguished Professor of Mathematics at Rutgers University, toric varieties and mirror symmetry; PhD 1996 University of Michigan under Igor Dolgachev; plausible but unconfirmed match",[medium] https://sites.math.rutgers.edu/~borisov/
Sergei Ivanov,USS,"1987, 1988, 1989",3,"G, G, G",31 May 1972,"Leningrad, USSR",not found,"Metric geometry researcher; chief researcher at St. Petersburg Dept. of Steklov Institute (PDMI RAS); dean of SPbU Faculty of Mathematics and Computer Science 2020-2024; corresponding member of RAS; 2014 Steele Prize for ""A Course in Metric Geometry""",[high] https://en.wikipedia.org/wiki/Sergei_Ivanov_(mathematician)
Dimitri Ivanov,USS,"1988, 1989",2,"G, G",,,,"not found (common name, no confirmed identity)",[none] no matching source found
Dimitri Tuliakov,USS,1988,1,G,,,,"not found (possible namesake D.N. Tulyakov works on orthogonal polynomials/random matrices at Keldysh Institute, unconfirmed)",[none] https://www.mathnet.ru/rus/person8743
Nicolai Filonov,USS,1988,1,G,,,,Spectral theory/mathematical physics researcher; associate professor at SPbSU (Physics Faculty) and leading researcher at PDMI RAS; graduated SPbU physics faculty 1995,[medium] https://www.pdmi.ras.ru/pdmi/node/333
Sergei Berlov,USS,1988,1,S,? (birthday April 25),,"Physical-Mathematical Lyceum No. 239, Leningrad (graduated 1988)","Well-known olympiad coach/problem-setter; teacher/candidate of sciences at Lyceum 239, St. Petersburg; jury member of All-Russian School Olympiad; co-author of ""Петербургские математические олимпиады""",[high] https://239.ru/teachers/tproduct/253179433-898410606941-berlov-sergei-lvovich
Yuri Hohlov,USS,1988,1,S,,,,"not found -- a well-documented ""Yuri Khokhlov"" (b.1952, Gorky) MSU/RUDN probability professor is too old to be this teenage competitor, likely not the same person",[none] no matching source found
Arkady Skopenkov,USS,1989,1,S,15 October 1972,,"Kolmogorov boarding school (SUNC MSU), Moscow, graduated 1989",Topologist; professor at MIPT and Independent University of Moscow; embeddings of manifolds in Euclidean spaces; well-known olympiad-book author and coach,[high] https://www.mccme.ru/~skopenko/
Evgenia Malinnikova,USS,"1989, 1990, 1991",3,"G, G, G",23 April 1974,"Leningrad, USSR",not found,"Harmonic analysis/elliptic PDE researcher; professor at Stanford University (previously NTNU, Norway); 2017 Clay Research Award with Aleksandr Logunov; highest-scoring female IMO contestant in history, IMO Hall of Fame","[high] https://ru.wikipedia.org/wiki/Малинникова,_Евгения_Владимировна"
Maria Roginskaya,USS,1989,1,S,12 March 1972,,,"Mathematician working on real/functional analysis (singular measures, Fourier series, fractal sets); affiliated with Chalmers University of Technology and University of Gothenburg, Sweden",[high] https://www.mathnet.ru/php/person.phtml?option_lang=eng&personid=17969
Vladimir Ragulin,USS,1989,1,B,,,,not found,[none] no matching source found
Alexander Perlin,USS,"1990, 1991",2,"G, G",,not found,not found,not found,[none] no matching source found
Alexandr Stoyauovski,USS,1990,1,G,,not found,not found,"Likely Alexander V. Stoyanovsky, mathematician at Russian State University for the Humanities (Moscow), mathematical physics/quantization (Poisson algebras, geometric Langlands)",[medium] https://arxiv.org/abs/1110.0002
Georgi Aleramov,USS,1990,1,S,,not found,not found,not found,[none] no matching source found
Ivan Solovyov,USS,1990,1,S,,not found,not found,not found (name too common),[none] no matching source found
Vladimir Baranovski,USS,1990,1,B,,not found (Russian citizen per CV),not found,"Vladimir Baranovsky -- 1995 Honors Diploma, MSU; PhD 2000, University of Chicago; Professor of Mathematics at UC Irvine (algebraic geometry & representation theory); Sloan Fellow 2006",[medium-high] https://www.math.uci.edu/~vbaranov/math/cv_new.pdf
Andris Ambainis,USS,1991,1,G,18 January 1975,"Daugavpils, Latvia",not found,"World-leading quantum computing researcher; professor at University of Latvia; quantum walks and quantum query complexity lower bounds; MacArthur/Sloan Fellow, ICM 2018 invited speaker",[high] https://en.wikipedia.org/wiki/Andris_Ambainis
Mikhail Temkin,USS,1991,1,G,5 November 1974,not found (studied in Moscow),"Moscow School No. 57 (specialized math school), 1988/89-1990/91","Michael Temkin -- emigrated to Israel 1992, PhD Weizmann Institute; Full Professor and Chair, Einstein Institute of Mathematics, Hebrew University of Jerusalem; algebraic/non-archimedean geometry; Levitzki Prize 2011, ERC Consolidator Grant",[high] https://math.huji.ac.il/~temkin/lists/cv.pdf
Vladimir Nekrashevich,USS,1991,1,S,,not found (possible Ukraine connection),not found,"Likely Volodymyr Nekrashevych -- professor at Texas A&M University, group theory/dynamical systems (self-similar groups, automata groups); earliest publications 1999 in Ukrainian journals",[medium] https://people.tamu.edu/~nekrash/
Vsevolod Zhuhovitskij,USS,1991,1,S,,not found,not found,not found,[none] no matching source found
Aleksey Chilikov,RUS,1992,1,G,not found,not found,not found,not found,[none] no reliable source located
Dmitry Karpov,RUS,1992,1,B,1975-03-02,Leningrad,"FML 239 (Physics-Math Lyceum No. 239, Leningrad/St. Petersburg), graduated 1992","Senior researcher, Lab. of Mathematical Logic, PDMI RAS (St. Petersburg branch of Steklov Institute); graph theory researcher; Doctor of Sciences 2015; teaches at SPbGU math-mech faculty",[high] https://logic.pdmi.ras.ru/~dvk/
Michail Nikulin,RUS,1992,1,B,not found,not found,not found,not found,[none] no reliable source located
Pavel Kozhevnikov,RUS,1992,1,G,1976-05-25,Kaluga,not specified (entered MSU mechmat 1992; no specific physics-math school confirmed),"Assoc. professor MIPT (Higher Math dept.), IMO team coach/jury since 1993, deputy editor of ""Kvant"" journal, olympiad problem-book co-author, 2010 RF Government Prize in Education","[high] https://ru.wikipedia.org/wiki/Кожевников,_Павел_Александрович"
Ruslan Ismailov,RUS,1992,1,S,not found,not found,not found,not found,[none] no reliable source located
Yulia Pevtsova,RUS,1992,1,S,not found,not found,not found,not found,[none] no reliable source located
Andrei Biryuk,RUS,1993,1,S,1976-07-30,Krasnodar,not confirmed (graduated MSU mechmat 1998),"PhD Heriot-Watt University 2001 (PDE / quasilinear parabolic equations); Associate Professor, Kuban State University, Krasnodar; PDE and parallel computing",[medium-high] http://old.mccme.ru/dfc/2010/Program2/Biryuk-summary.pdf
Anton Pozdnyakov,RUS,1993,1,G,not found,not found,not found,not found,[none] no reliable source located
Dmitry Panov,RUS,1993,1,B,not found,not found,"not confirmed (graduated MSU 1998, implying Moscow schooling)","PhD Ecole Polytechnique 2005 (advisor Maxim Kontsevich); postdoc Imperial College London; Professor of Geometry, King's College London since 2020 (symplectic/complex/hyperbolic geometry)",[medium] https://www.kcl.ac.uk/people/dmitri-panov
Elizaveta Rosenblum,RUS,1993,1,G,not found,not found,not found,not found,[none] no reliable source located
Mikhail Bondarko,RUS,"1993, 1994",2,"G, G",1977-08-21,not found,"Physics-Math Lyceum No. 239, St. Petersburg, graduated 1994","Professor, Dept. of Higher Algebra & Number Theory, St. Petersburg State University; Professor of RAS (2016); motives/weight structures/triangulated categories; Pierre Deligne Prize 2006","[high] https://ru.wikipedia.org/wiki/Бондарко,_Михаил_Владимирович"
Roman Fedorov,RUS,1993,1,G,c. 1975 (inferred),not found (education started in Moscow),"Moscow School No. 57 (taught analysis there 1992-1999, close ties as student/young instructor)","PhD Univ. of Chicago 2005; Associate Professor, University of Pittsburgh (algebraic geometry/representation theory, Grothendieck-Serre conjecture); olympiad organizing (Moscow Math Olympiad committee, Manhattan Math Olympiad)",[high] https://sites.pitt.edu/~fedorov/cv.pdf
Alexandre Borissov,RUS,1994,1,B,not found,not found,not found,"Alexander Borisov: MS MSU; PhD Penn State; Assoc. Professor Binghamton University since 2014; algebraic geometry & number theory (birational/toric geometry, Arakelov geometry)",[medium] Binghamton University faculty profile
Anna Dyubina,RUS,1994,1,S,1977-02-14,not found,not found (entered SPbSU 1994),"Now publishes as Anna Erschler: PhD SPbSU 2001 (advisor Anatoly Vershik); postdocs Tel Aviv, Steklov Institute, IHES; CNRS researcher, Directrice de recherche at ENS Paris since 2014; geometric group theory/random walks on groups; Mobius Prize 2001, Elie Cartan Prize 2015, CNRS Silver Medal 2020",[medium] https://en.wikipedia.org/wiki/Anna_Erschler
Natalia Dobrinskaia,RUS,1994,1,S,not found,not found,not found,"Educated at MSU; PhD advisor Viktor Buchstaber; algebraic/toric topology (quasitoric manifolds classification, loop space homology)",[medium] Mathematics Genealogy Project via Wikidata
Roman Karasev,RUS,1994,1,G,not found,not found,"School No. 5, Dolgoprudny (physics-math school tied to MIPT)","Lecturer/Professor, MIPT; PhD 2003, Doctor of Sciences 2010 (Steklov Institute); combinatorial/convex geometry (Borsuk-Ulam-type theorems), 40+ papers",[high] http://www.rkarasev.ru/about/
Serguei Norine,RUS,"1994, 1995, 1996",3,"G, G, G",not found,not found,not found,"Sergey Norin: PhD Georgia Institute of Technology 2005 (advisor Robin Thomas); quant analyst D.E. Shaw & Co.; Professor, McGill University (graph theory, extremal/structural combinatorics)",[medium] https://www.math.mcgill.ca/snorin/
Dmitri Tchelkak,RUS,1995,1,G,January 1979,Leningrad,not confirmed,"Mathematical physicist (discrete complex analysis, Ising model); PhD 2003 Steklov Institute; SPbGU, Chebyshev Laboratory, ETH Zurich, Geneva; senior researcher PDMI RAS; Salem Prize 2014; invited speaker ICM 2018",[high] https://en.wikipedia.org/wiki/Dmitry_Chelkak
Dmitri Zaporojets,RUS,1995,1,G,1979-08-10,not found,not found,"Probability theorist Dmitry Zaporozhets: graduated SPbGU 2001; doctoral dissertation 2017; Professor of RAS 2018; deputy director for science, PDMI RAS; corresponding member of RAS 2025","[high] https://ru.wikipedia.org/wiki/Запорожец,_Дмитрий_Николаевич"
Ilia Katsev,RUS,1995,1,S,not found,not found,not found,not found,[none] no reliable source found
Mikhail Ostrovski,RUS,1995,1,G,1979-06-06,Russia (likely Moscow),Matklass of Moscow School No. 57,"Economist Michael (Mikhail) Ostrovsky: BA Stanford 1999, PhD Harvard 2005; Stanford GSB professor since 2005, Fred H. Merrill Professor of Economics; market-design/auction-theory advisor to Yahoo, LinkedIn, Google, Pinterest; founded ad-tech company Topsort (2021)","[high] https://ru.wikipedia.org/wiki/Островский,_Михаил_Григорьевич"
Veronika Essaoulova,RUS,"1995, 1996",2,"S, S",not found,not found,not found,not found,[none] no reliable source found
Elena Roudo,RUS,1996,1,S,not found,not found,not found,not found,[none] no reliable source found
Iouri Makarytchev,RUS,1996,1,B,not found,not found,not found,not found,[none] no reliable source found
Konstantin Salikhov,RUS,1996,1,S,not found,not found,not found,not found,[none] no reliable source found
Nikolai Dourov,RUS,"1996, 1997, 1998",3,"G, G, G",1980-11-21,"Leningrad, Soviet Union",not confirmed,"Co-founder of VKontakte (2006, lead developer) and Telegram (2013-present) with brother Pavel Durov; designed MTProto encryption protocol; credited as architect of TON blockchain; PhD SPbGU 2005 and University of Bonn 2007 (advisor Gerd Faltings); senior researcher, PDMI RAS; 4 IOI medals and 2000/2001 ACM ICPC World Champion with SPbGU team","[high] https://ru.wikipedia.org/wiki/Дуров,_Николай_Валерьевич"
Evgueni Tcherepanov,RUS,"1997, 1998",2,"G, S",not found,not found,not found,not found,[none] no reliable source found
Irina Anno,RUS,"1997, 1998",2,"B, S",not found,not found,not found,not found,[none] no reliable source found
Mikhail Leptchinski,RUS,1997,1,G,not found,not found,not found,not found,[none] no reliable source found
Mikhail Mitrofanov,RUS,1997,1,S,not found,not found,not found,not found,[none] no reliable source found
Serguei Ouzdine,RUS,1997,1,S,not found,not found,not found,not found,[none] no reliable source found
Anton Rozenberg,RUS,1998,1,S,not found,not found,not found,not found,[none] no matching source found
Danil Chapovalov,RUS,1998,1,B,not found,not found,not found,"Co-author (with Maxim Chapovalov, Alexei Lebedev, Dimitry Leites) of ""The classification of almost affine (hyperbolic) Lie superalgebras,"" J. Nonlinear Math. Phys. 17 (2010) -- period in Lie superalgebra research circa 2009; no other publications found",[low] https://arxiv.org/abs/0906.1860
Vladimir Dremov,RUS,"1998, 1999, 2000",3,"G, G, G",not found,not found,not found,"Possible match: sole-author paper ""Calculation of two Belyi pairs"" (V.A. Dremov, 2008, arXiv:0811.3819), dessins-d'enfants catalogue project -- identity unconfirmed",[low] https://arxiv.org/abs/0811.3819
Alexei Lebedev,RUS,1999,1,S,not found,not found,not found,"PhD 2008 Leipzig University, thesis ""Simple modular Lie superalgebras""; co-authored with Chapovalovs and Leites ""The classification of almost affine (hyperbolic) Lie superalgebras"" (2009/2010); continued publishing in Lie superalgebra theory through 2010s-2020s",[medium-high] https://arxiv.org/abs/0906.1860
Alexei Poiarkov,RUS,"1999, 2000",2,"G, G",not found,not found,not found,"Published combinatorics paper ""Cube packings, second moment and holes"" (2007); later ""Alexey Poyarkov"" co-authored ""Boosted Decision Tree Regression Adjustment..."" KDD 2016 with Yandex researchers -- moved from academic combinatorics to applied ML at Yandex",[medium] https://dblp.org/pid/43/3497.html
Anton Evseev,RUS,1999,1,S,not found,not found,not found,"Academic mathematician in representation theory (symmetric groups, Lie algebras); publications 2007-2013; profile consistent with University of Birmingham mathematics dept",[medium] https://dblp.org/pid/306/8875.html
Fedor Petrov,RUS,1999,1,G,1983-02-08,not found,not found,"Doctor of Physical-Mathematical Sciences (2018); researcher PDMI RAS and SPbSU (Chebyshev Laboratory); number theory, combinatorics, representation theory; long-time coach/jury member for Russian IMO team",[high] https://www.mathnet.ru/rus/person17489
Yury Lifshits,RUS,"1999, 2000",2,"G, G",1984,St. Petersburg,not found,"Graduated Math-Mech Faculty SPbSU 2005; PhD Steklov Institute 2007 under Yuri Matiyasevich; postdoc Caltech 2007; researcher at Yahoo! (nearest-neighbor search, string algorithms); co-founder of ed-tech platform Earlydays",[medium-high] http://logic.pdmi.ras.ru/~yura/about.html
Alexandre Gaifoulline,RUS,2000,1,G,1984-03-22,"Zhukovsky, Moscow Oblast",not found (father was RAS corresponding member in fluid/gas mechanics),"Graduated MSU Mech-Math 2005; PhD 2008, Doctor of Sciences 2010 (MSU, advisor Viktor Buchstaber); professor at MSU since 2007; proved generalization of Sabitov's bellows-conjecture theorem (2012); ""Professor RAS"" (2016); corresponding member RAS (2016); editor-in-chief of ""Kvant"" since 2018","[high] https://ru.wikipedia.org/wiki/Гайфуллин,_Александр_Александрович"
Alexei Fedotov,RUS,2000,1,G,not found,not found,not found,Unconfirmed possible match: accelerator/beam physics researcher at Brookhaven National Laboratory -- identity not verified,[none] not confirmed
Andrei Khaliavine,RUS,"2000, 2001, 2002",3,"S, S, G",not found,not found,not found,"Published cryptography research on Boolean/resilient functions (2007-2012); later ""Andrey Khalyavin"" co-authored ""Boosted Decision Tree Regression Adjustment..."" KDD 2016 -- career move into applied ML, likely at Yandex",[medium] https://eprint.iacr.org/2007/212
Alexei Glazirine,RUS,2001,1,G,not found (est. early-mid 1980s),Chelyabinsk,"Lyceum No. 11, Chelyabinsk","Now publishes as Alexey Glazyrin: M.S. MSU 2006, Ph.D. MSU 2009 (advisor N. Dolbilin); Professor of Mathematics, University of Texas Rio Grande Valley (UTRGV); discrete/combinatorial geometry",[high] https://faculty.utrgv.edu/alexey.glazyrin/Glazyrin_cv.pdf
Andrei Vorobiev,RUS,2001,1,G,not found (graduated school 2001),Saint Petersburg,"Physics-Math Lyceum No. 239, Saint Petersburg","Mathematics teacher; graduated School 239 in 2001, has taught there since 2011",[high] https://239.ru/sveden/employees/tproduct/821087292-245725129651-vorobev-andrei-yurevich
Mikhail Garber,RUS,2001,1,G,not found,Yaroslavl,"Regular secondary school No. 33, Yaroslavl; externally mentored by Dr. V.L. Dolnikov (Yaroslavl State University)","As of mid-2000s: MSU Mech-Math student, Potanin Foundation scholar, Russian Presidential Prize recipient; also silver medal Chinese MO 2001",[medium] https://www.edu.yar.ru/russian/projects/pressman/works6/works/rus_sites/pr236/misha.html
Sergey Spiridonov,RUS,2001,1,G,not found,Izhevsk (Udmurt Republic),"School No. 41, Izhevsk -- regular secondary school",not found,[medium] https://kvant.mccme.ru/pdf/2001/05/kv0501olimp_mat.pdf
Serguei Sokolov,RUS,2001,1,G,not found,Rybinsk (Yaroslavl Region),"School No. 30, Rybinsk -- regular secondary school",not found,[medium] https://olympiads.mccme.ru/vmo/27/result.htm
Andrey Badzyan,RUS,"2002, 2003, 2004",3,"G, G, G",1987-09,Chelyabinsk,"Lyceum No. 31, Chelyabinsk; competed in 11th-grade bracket as a 9th-grader in 2002","Published ""The Euler-Kronecker Constant"" (Mat. Zametki 2010); later moved into finance in UK, linked to quant fund GSA Capital (tax tribunal case Badzyan v HMRC); proposed olympiad problems (Russian MO 2004-05, IMO 2008 Shortlist)",[high] https://www.taxchambers.com/cases/andrey-badzyan-v-hmrc/
Kirill Sukhov,RUS,2002,1,G,1985-06-12,Leningrad,"Physics-Math Lyceum No. 239, Saint Petersburg","Graduated SPbSU (Mech-Math) 2007; taught at Lyceum 239 2007-2024; SPbSU lecturer 2009-2015; since 2017 head coach of Russia's IMO team; affiliated with Herzen University and Sirius; ""Mentor of the Year"" 2024","[high] https://ru.wikipedia.org/wiki/Сухов,_Кирилл_Андреевич"
Mikhail Dubashinskiy,RUS,"2002, 2004",2,"G, G",ca. 1987,Saint Petersburg,"Physics-Math Lyceum No. 239, Saint Petersburg","Specialist degree SPbSU 2009; Candidate of Sciences PDMI RAS 2013; researcher at Chebyshev Laboratory/SPbSU; analytic function spaces, Riemann surface geometry, geometric measure theory, potential theory (based at SPbSU, not MIT)",[high] https://chebyshev.spbu.ru/en/people/mikhail-dubashynskiy/
Oleg Gol'berg,RUS,"2002, 2003",2,"G, G",not found (est. ca. 1986),Rostov-on-Don,"School No. 8, Rostov-on-Don -- regular secondary school; repeated 11th grade to compete a second year","MIT/Clay Mathematics Institute research program under Pavel Etingof (2004); co-author of AMS textbook ""Introduction to Representation Theory"" (2011); now a software engineer (""Engineering @ Toast"") in Boston area",[medium] https://ocw.mit.edu/courses/18-712-introduction-to-representation-theory-fall-2010/pages/lecture-notes/
Oleg Styrt,RUS,2002,1,G,1984-12-22,Omsk,"Lyceum No. 64, Omsk","Candidate of Sciences MSU 2011; researcher in Lie groups/algebraic groups and invariant theory, MSU algebra dept",[high] https://mathnet.ru/rus/person45355
Alexander Smirnov,RUS,2003,1,B,not found,not found,not found,not found -- name far too common to disambiguate,[none] not confirmed
Dmitry Shiryaev,RUS,2003,1,S,not found,not found,not found,"Researcher in algorithmic game theory / computational social choice / discrete geometry; co-authored with 2003 IMO teammate Nikolay Gravin (""Translational tilings by a polytope, with multiplicity,"" Combinatorica 2012) and with Edith Elkind; no publications visible after ~2015",[high (cross-confirmed via co-authorship with teammate Gravin)] https://dblp.org/pid/44/8658
Nikolay Gravin,RUS,2003,1,G,not found,not found,not found,"Researcher in algorithmic game theory/mechanism design; postdoc Microsoft Research New England and MIT CSAIL; Professor at ITCS, Shanghai University of Finance and Economics, since 2017",[medium] https://dblp.org/pid/78/7611
Yury Volkov,RUS,2003,1,S,not found,not found,not found,"Likely the mathematician Yury Volkov, SPbSU, representation theory of algebras / Hochschild cohomology of self-injective algebras -- plausible but not independently confirmed",[medium] https://www.semanticscholar.org/author/103175029
Dmitry Permyakov,RUS,2004,1,B,not found,not found,not found,"Possible match: physicist working in nanophotonics/plasmonics (ITMO University St. Petersburg nanophotonics group) publishing from ~2015 -- circumstantial only, unconfirmed",[low] https://www.semanticscholar.org/author/14496905
Igor Shnurnikov,RUS,2004,1,S,not found,not found,not found,"Discrete-geometry researcher (hyperplane/pseudoline arrangements, partitions of projective spaces, Morse functions), HSE Moscow; publications ~2010-2016+",[high] https://www.semanticscholar.org/author/102669420
Mikhail Isaev,RUS,2004,1,G,not found,not found,not found,"Combinatorics/random-graphs researcher; MIPT to Australian National University to Monash University to UNSW Sydney (Scientia Lecturer from Nov 2024); asymptotic enumeration, random regular graphs, stochastic block model",[high] https://orcid.org/0000-0002-5703-0951
Nadejda Petukhova,RUS,2004,1,G,not found,not found,not found,not found,[none] no reliable source located
Alexander Magazinov,RUS,"2005, 2006",2,"G, G","not found (school graduate 2006, ~1988-89)",Yaroslavl,"School No. 33, Yaroslavl; mentored by YarSU professor V.L. Dolnikov","Entered MSU 2006 via olympiad diploma; PhD 2014 Steklov Institute (Voronoi's conjecture on parallelohedra, with A. Garber and A. Gavrilyuk); taught math at Moscow-region lyceum; later software engineer at Yandex and part-time researcher at Skoltech; contributor to Problematic Paper Screener / ""tortured phrases"" fraud detection, PubPeer",[high] https://thebulletin.org/biography/alexander-magazinov/
Alexey Katyshev,RUS,"2005, 2006",2,"S, S",not found,not found,not found,not found,[none] no reliable source located
Andrey Gavrilyuk,RUS,2005,1,G,not found (MSU math degree 2010 implies ~1988),not found,not identified (entered MSU 2005),"Discrete/combinatorial geometry researcher -- co-authored 2012 Voronoi-conjecture-for-parallelohedra paper with fellow 2005 IMO teammate A. Magazinov; Candidate of Sciences 2016; works at HSE University Faculty of Computer Science, teaches at Harbour.Space Institute of Technology",[medium] https://arxiv.org/abs/1212.1019
Nikita Kalinin,RUS,2005,1,G,1988-05-06,Russian Federation (raised/schooled in St. Petersburg),"Physics-and-Mathematics Lyceum No. 239, St. Petersburg, 2003-2005","Specialist SPbU 2010; PhD Univ. of Geneva 2015 (tropical geometry, advisor G. Mikhalkin); Assoc. Professor SPbU 2019-2022; Senior Researcher HSE St. Petersburg; since 2022 Professor at Guangdong Technion-Israel Institute of Technology, China; tropical geometry, sandpile models",[high] https://sites.gtiit.edu.cn/research/people/nikita-kalinin/
Pavel Kozlov,RUS,2005,1,G,not found,not found,not found,not found,[none] no reliable source located
Vasily Astakhov,RUS,2005,1,S,not found,not found,not found,not found,[none] no reliable source located
Alexander Glazman,RUS,2006,1,S,not found (~1988-89),St. Petersburg,"Physics-and-Mathematics Lyceum No. 239, St. Petersburg (same school as N. Kalinin)","Diploma of Mathematician SPbU 2011; Cand. Sci. PDMI RAS 2015 (graph theory, advisor D. Karpov); PhD Univ. of Geneva 2016 (probability theory, advisor Stanislav Smirnov); postdocs Tel Aviv, Fribourg, Vienna; Assoc. Professor, University of Innsbruck, phase transitions in 2D lattice models; returned to teach at School 239; 2025 FWF Astra award",[high] https://www.uibk.ac.at/media/filer_public/99/25/9925935b-9ee9-465e-8526-e64bd3316cd2/cv.pdf
Pavel Zatitskiy,RUS,2006,1,S,1989-09-16,"Leningrad, USSR","not identified by name, but a St. Petersburg specialized math school","Specialist degree SPbU 2011; Candidate of Sciences PDMI RAS 2014; researcher at Chebyshev Laboratory (SPbU) and PDMI RAS; ergodic theory/dynamical systems (scaling entropy, with A.M. Vershik) and functional analysis (BMO spaces, Bellman functions, with F. Petrov)",[high] http://www.mathnet.ru/php/person.phtml?option_lang=eng&personid=43923
Rostislav Devyatov,RUS,2006,1,G,1988-04-16,"Moscow, USSR","Moscow State Lyceum No. 2, 2001-2006","Specialist degree MSU (Mech-Math) 2011; joint PhD HSE Moscow / Freie Universitaet Berlin (2011-2016), algebraic geometry (algebraic groups, toric/flag varieties); postdoc then faculty at University of Ottawa, Canada, since 2016",[high] https://users.mccme.ru/deviatov/
Timofey Obraztsov,RUS,2006,1,G,not found,tentative: Saint Petersburg,not found,"Tentative/unverified LinkedIn match, ""Program Development Professional"" -- not confirmed as same person",[low] unverified LinkedIn profile
Alexey Esin,RUS,2007,1,G,not found,Krasnodar Krai,not found,not found,[low] math.ru/news/26
Ivan Mitrofanov,RUS,2007,1,G,not found,Kolomna,not confirmed,"Mathematician: combinatorics on words, symbolic dynamics, group/semigroup theory; close collaborator of Alexei Kanel-Belov, wrote memorial article about him (2024)",[high] export.arxiv.org (au:Mitrofanov_I)
Konstantin Matveev,RUS,2007,1,G,~1989-1990 (not precisely confirmed),Omsk,Omsk Lyceum No. 66,"Mathematician; Assistant Professor, Rutgers University Dept. of Mathematics; Lie/representation theory, asymptotic representation theory, algebraic combinatorics, probability (q-RSK correspondences)",[high] https://www.imo-official.org/results/team/year/2007/country/RUS/
Maria Ilyukhina,RUS,2007,1,G,not found,Moscow,not found,not found,[low] math.ru/news/26
Sergey Drozdov,RUS,2007,1,G,not found,Saint Petersburg,not found,not found,[low] math.ru/news/26
Vladislav Volkov,RUS,"2007, 2008",2,"S, G",not found,Saint Petersburg,not found,not found,[low] math.ru/news/26
Dmitry Babichev,RUS,2008,1,G,not found,not found,not found,not found,[none] no reliable source located
Evgeny Gorinov,RUS,2008,1,G,not found,not found,not found,not found (not the same as mathematician Alexey Gorinov),[none] no reliable source located
Ivan Bazhov,RUS,2008,1,G,not found,not found,not found,"Mathematician: algebraic geometry -- toric varieties, Calabi-Yau hypersurfaces, K3 surfaces, hyper-Kahler geometry, zero-cycles/Chow groups (2011-2018), co-authored with Ivan Arzhantsev (HSE)",[high] export.arxiv.org (au:Bazhov_Ivan)
Nikita Kudyk,RUS,2008,1,G,not found,not found,not found,not found,[none] no reliable source located
Roman Boykiy,RUS,2008,1,G,not found,not found,not found,not found,[none] no reliable source located
Gleb Nenashev,RUS,2009,1,G,not found,not found,not found,"Combinatorics/algebra researcher -- zonotopal algebras, Postnikov-Shapiro algebras, chromatic number bounds; frequent collaborator of Boris Shapiro (Stockholm University); Sweden-based",[medium] export.arxiv.org (au:Nenashev_G)
Kirill Savenkov,RUS,"2009, 2010",2,"S, S",not found,not found,not found,not found,[none] no reliable source located
Konstantin Tyshchuk,RUS,2009,1,G,not found,not found,not found,not found,[none] no reliable source located
Marsel Matdinov,RUS,"2009, 2010",2,"G, G",not found,not found,not found,"possibly researcher in computational complexity/automata theory, 2011-2022 papers",[low] api.semanticscholar.org author 2284734
Victor Omelyanenko,RUS,"2009, 2010",2,"G, G",not found,not found,not found,not found,[none] no reliable source located
Vladimir Bragin,RUS,2009,1,G,not found,not found,not found,not found (multiple ambiguous namesakes),[none] no reliable source located
Fedor Ivlev,RUS,2010,1,S,not found,Troitsk (Moscow region),СУНЦ МГУ (Moscow State University's specialized school) — NOT SUNC NGU/Novosibirsk,"Graduated MSU Mechanics-Mathematics faculty 2015; PhD student, Dept. of Higher Algebra, MSU; olympiad-math coach for Team Moscow; teaches at School 57 and Lyceum Vorobyovy Gory; founded ""Mathematics for Adults"" project; authored a geometry problem book",[high] http://geometry.ru/persons/ivlev.php
Stanislav Erokhin,RUS,2010,1,G,not found,Saint Petersburg,"ФМЛ 239 (Physics-Math Lyceum 239, St. Petersburg) — not SUNC NGU","Not confidently identified; a LinkedIn profile ""Stanislav Erokhin, Software Development Lead at JetBrains"" (Amsterdam) may match but is unverified",[medium (bio) / low (career)] https://nl.linkedin.com/in/stanislav-erokhin-8427a7215
Vasily Mokin,RUS,2010,1,G,c. 1993,Saratov,"Лицей прикладных наук (Lyceum of Applied Sciences), Saratov — not SUNC NGU","Graduate, MSU Mechanics-Mathematics faculty; active in olympiad-math circles (co-solved a geometry problem with F. Ivlev, published in ""Математическое просвещение"" 2011); reported among those detained at a Jan 23, 2021 Moscow protest",[high] https://www.nvsaratov.ru/news/?ELEMENT_ID=1468
Alexander Tsigler,RUS,2011,1,S,not confidently found (~1995),Magnitogorsk,"School No. 5, Magnitogorsk — not SUNC NGU","Presented research on random-matrix theory at a Steklov-linked discrete-mathematics seminar (Dec 2016), suggesting continuation into academic probability theory",[medium] https://www.mathnet.ru/rus/person122780
Alexey Pakharev,RUS,2011,1,G,not found,Ulyanovsk,СУНЦ МГУ (Moscow) — not SUNC NGU,"Mathematician; research position at Northeastern University (Boston); MIT PRIMES program mentor (representation theory / Cherednik algebras, with Pavel Etingof); co-author ""Surfaces containing two circles through each point..."" Russian Math Surveys 2017",[high] https://www.mathnet.ru/rus/person123454
Dmitry Egorov,RUS,2011,1,S,not found,Saint Petersburg,ФМЛ 239 — not SUNC NGU,Not found (Kvant report notes he left the IMO closing ceremony early to compete at IOI 2011),[medium (bio) / none (career)] Kvant LII IMO report
Dmitry Krachun,RUS,"2011, 2012, 2013",3,"S, G, G","not found (9th-grader in 2011, ~b.1995-96)",Saint Petersburg,ФМЛ 239 — not SUNC NGU,"Studied at SPbSU Faculty of Mathematics & Computer Science; probability-theory researcher (random partitions induced by random maps, with Yu. Yakubovich), published in Zapiski Nauchnykh Seminarov POMI 2016 / J. Math. Sciences (NY) 2018",[high] https://www.mathnet.ru/rus/person127049
Mikhail Grigorev,RUS,"2011, 2012",2,"G, G",not found,Kazan,"Lyceum No. 131, Kazan — not SUNC NGU",Not found (common name; no confirmed later-career match),[medium (bio) / none (career)] Kvant LII IMO report
Olga Burova,RUS,2011,1,S,not found,Moscow,"Lyceum ""Вторая школа"" (Second School), Moscow — not SUNC NGU",Not found,[medium (bio) / none (career)] Kvant LII IMO report
Aleksandr Kalmynin,RUS,2012,1,G,c. 1994-95,Irkutsk,"Лицей-интернат №1, Irkutsk (regional specialized physics-math boarding school) — NOT SUNC NGU/Novosibirsk","Analytic-number-theory researcher; Associate Professor & Senior Research Fellow, HSE Faculty of Mathematics / International Laboratory of Mirror Symmetry and Automorphic Forms (since 2014); also affiliated with Steklov Mathematical Institute",[high] https://www.hse.ru/org/persons/65816771
Alexander Matushkin,RUS,2012,1,S,1994,Izhevsk,"Lyceum No. 41, Izhevsk (graduated 2013) — not SUNC NGU","Studied at MIPT (FIVT), completed master's 2019; attended Yandex School of Data Analysis; probability-theory researcher (random graphs, co-author with M. Zhukovskiy)",[high] https://old.mipt.ru/education/chairs/dm/staff/matushkin-aleksandr-dmitrievich.php
Daniil Kliuev,RUS,"2012, 2013, 2014",3,"G, S, G",not found,Saint Petersburg,"Физико-математический лицей №239, Saint Petersburg",Went on to SPbSU math faculty; member of SPbSU team that won IMC (International Mathematics Competition) 2017-2018,[high] https://helpinver.com/news/novosti-uchastnikov/student-spbgu-stal-pobeditelem-mezhdunarodnoy-matematicheskoy-olimpiady-imc-2017/
Lev Shabanov,RUS,"2012, 2013",2,"S, G",~1994/1995,"Angarsk, Irkutsk region (grades 1-9)","СУНЦ МГУ (Kolmogorov boarding school, Moscow) — explicitly NOT Novosibirsk FMSh/СУНЦ НГУ",Not found beyond school years,[medium] https://internat.msu.ru/vypusknik-sunts-mgu-zavoeval-zolotuyu-medal-na-mezhdunarodnoj-olimpiade-po-matematike/
Andrey Volgin,RUS,"2013, 2014",2,"G, S",not found,Moscow,Not found,Not found,[low] https://ntdtv.ru/novosti-rossii/shkolniki-iz-rossii-zavoevali-zoloto-v-kolumbii
Budimir Baev,RUS,2013,1,S,not found,Saint Petersburg (implied),Not identified specifically,Student at SPbSU; absolute champion (superfinalist) of IMC in 2016 and again 2017,[medium] https://spbu.ru/news-events/novosti/student-spbgu-absolyutnyy-pobeditel-mezhdunarodnoy-studencheskoy-olimpiady-po
Egor Voronetckii,RUS,2013,1,G,not found,"Petrozavodsk, Republic of Karelia","Школа №42 (math-specialized), Petrozavodsk","Pursued advanced pure-math research; a doctoral dissertation review at SPbU calls him ""молодой математик совершенно исключительных способностей""",[high] https://gazeta-licey.ru/news/chronicle/4875-egor-voroneczkij-voshel-v-sbornuyu-rossii-po-matematike
Aleksei Volostnov,RUS,2014,1,S,not found,not found,not found,"Student at MIPT; took 1st place in ""1-2 course"" category representing MIPT at a math olympiad in the Czech Republic",[medium] https://start.mipt.ru/articles/111
Dmitrii Krekov,RUS,2014,1,S,not found,not found,not found,"Mathematician affiliated with НИУ ВШЭ (HSE); works in arithmetic geometry (perfectoid fields/spaces), gave seminars at Steklov Institute (2018); authored a 2021 Moscow Mathematical Olympiad problem that went viral",[high] https://blog.tanyakhovanova.com/2021/12/a-splashy-math-problem-solution/
Maxim Didin,RUS,2014,1,G,not found,"Pereslavl-Zalessky, Yaroslavl region",Gymnasium in Pereslavl-Zalessky,Not found beyond school years,[high] http://1yar.tv/article/pereslavec_vyigral_na_mejdunarodnoy_olimpiade_po_matematike
Nikita Chernega,RUS,2014,1,G,not found (~1996-97),not found,not found,"BSc Mathematics, MIPT (2014-2020); worked at Huawei and Tinkoff Bank; now Quantitative Researcher at XTX Markets; co-authored combinatorics paper ""Disjoint edges in geometric graphs"" with A. Polyanskii and R. Sadykov",[high] https://am.linkedin.com/in/chernega25
Aleksandr Zimin,RUS,2015,1,S,not found,Ulyanovsk region,not found,"Mathematics researcher in combinatorics/probability and optimal transport; co-author with Nikita Gladkov and Igor Pak (UCLA) of ""The bunkbed conjecture is false"" (2024), disproving a 40-year-old conjecture; also published optimal-transport papers with Alexander Kolesnikov (HSE)",[high] https://arxiv.org/abs/2410.02545
Alexander Kuznetsov,RUS,2015,1,S,not found,Saint Petersburg,not found,Not confidently identified — common name; NOT the established Steklov/HSE algebraic geometer of the same name (too old),[low] https://olimpiada.ru/news/5641
Ivan Bochkov,RUS,2015,1,S,not found,"Izhevsk, Udmurt Republic","МБОУ ""ЭМЛи №29"" (Economics-Math Lyceum No. 29), Izhevsk",Not confidently identified (common name; also competed at Romanian Master of Mathematics 2015),[medium] http://izhevsk-news.net/society/2015/03/13/36413.html
Ivan Frolov,RUS,"2015, 2016",2,"S, G",not found (~1998-99),Moscow,"School No. 1329, Moscow",No confirmed academic/professional trace found (name too common),[medium] https://olimpiada.ru/article/491
Nikita Gladkov,RUS,2015,1,S,not found,Tomsk region,not found,"Mathematician, НИУ ВШЭ (HSE Moscow) Faculty of Mathematics; combinatorics/optimal-transport researcher; co-author (with Igor Pak, UCLA, and Aleksandr Zimin) of ""The bunkbed conjecture is false"" (2024)",[high] https://arxiv.org/abs/2410.02545
Ruslan Salimov,RUS,"2015, 2016",2,"S, G",not found (~1998-99),Moscow,"School No. 1329, Moscow","Not found; an ""R. Salimov"" active in quasiconformal-mapping research since the early 2000s is a different, older Ukrainian mathematician",[medium] https://olimpiada.ru/article/491
Georgii Veprev,RUS,"2016, 2017",2,"B, S",not found (~2000),"Rybinsk, Yaroslavl region","Lyceum No. 2, Rybinsk (Yaroslavl region)","Dynamical-systems/ergodic-theory researcher (scaling entropy), collaborator of A.M. Vershik and P.B. Zatitskii; affiliated with SPbSU and University of Geneva",[high] https://olimpiada.ru/article/670
Grigorii Iurgin,RUS,2016,1,G,not found (~1998-99),Moscow,"Lyceum ""Vtoraya Shkola"" (Second School), Moscow","Possible match: co-author with Lev Radzivilovsky of ""Concerning the bookshelf problem"" (2014), written while apparently still a schoolboy; no later academic trace found",[low-medium] https://arxiv.org/abs/1412.7749
Nikita Karagodin,RUS,2016,1,S,not found (~1999-2000),Saint Petersburg,"Physics-Math Lyceum No. 239 (FML 239), St. Petersburg","Probability theory (limit theorems for Gaussian processes) at Euler International Mathematical Institute/SPbSU with M. Lifshits; later shifted into deep-learning theory, co-authoring ""Clustering in Causal Attention Masking"" (NeurIPS 2024) with MIT's Yury Polyanskiy",[high] https://api.semanticscholar.org/graph/v1/author/2329559804
Pavel Gubkin,RUS,2016,1,G,not found (~1998-99),Saint Petersburg,"Physics-Math Lyceum No. 239 (FML 239), St. Petersburg","Mathematician, SPbSU / PDMI Steklov Institute; functional analysis/orthogonal polynomials, co-author with Roman Bessonov of ""Stability of Schur's iterates and fast solution of the discrete integrable NLS""",[high] https://olimpiada.ru/article/552
Kirill Tyshchuk,RUS,2017,1,S,not found,Saint Petersburg,Physics-Math Lyceum No. 239 (previously School No. 56 until 8th grade),Not found; planned SPbSU math-mech per 2017 profile; bio notes an older brother who reportedly won IMO gold,[low] https://olimpiada.ru/article/670
Mikhail Ivanov,RUS,2017,1,G,not found,Saint Petersburg,Physics-Math Lyceum No. 239 (previously Lyceum No. 366 until 8th grade),Not found; surname/given-name combination too common to disambiguate,[none] https://olimpiada.ru/article/670
Nikita Dobronravov,RUS,2017,1,S,not found,Novosibirsk,"Lyceum No. 130, Novosibirsk (Akademgorodok) — Novosibirsk specialized physics-math school linked to ""Sovyonok"" club and Kirov Summer School, but NOT СУНЦ НГУ/ФМШ itself","Mathematician, Euler International Mathematical Institute / SPbSU; harmonic analysis (Frostman lemma, Fourier transforms of measures) and automata theory (with brother Egor Dobronravov and A. Okhotin)",[high] https://olimpiada.ru/article/670
Timofey Zaytsev,RUS,2017,1,B,not found,Moscow (previously Schools No. 531 and No. 1329),"School No. 179, Moscow",Not found; planned to apply to HSE math faculty per 2017 profile,[low] https://olimpiada.ru/article/670
Vadim Retinskii,RUS,2017,1,B,not found,"Moscow (previously Livny, Oryol region)","School No. 1329, Moscow (previously School No. 2, Livny)",Not found,[low] https://olimpiada.ru/article/670
Artur Gerasimenko,RUS,2018,1,G,not found,Moscow,Moscow school (not identified),Not found; other same-named authors are unrelated physics/materials-science researchers,[low] https://olimpiada.ru/news/12930
Egor Riabov,RUS,2018,1,G,not found,Moscow,Moscow school (not identified),Not found; surname too common,[none] https://olimpiada.ru/news/12930
Marat Abdrakhmanov,RUS,2018,1,G,not found,Chelyabinsk region,Not identified,"Likely match: co-author with Leonid Slavin and Pavel Zatitskii (SPbSU/PDMI) of ""Monotone rearrangement in averaging classes"" — functional analysis/Bellman-function theory, consistent with the St. Petersburg math-research pipeline",[medium] https://olimpiada.ru/news/12930
Sergei Luchinin,RUS,2018,1,S,not found,Kirov region,Not identified,Not found; several unrelated namesakes,[none] https://olimpiada.ru/news/12930
Stanislav Krymskii,RUS,2018,1,G,not found,Saint Petersburg,Not identified,"PDE/spectral-theory researcher, co-author with N. Filonov (PDMI Steklov Institute) of ""On the Landis Conjecture in a Cylinder,"" and with Alexander Logunov (Princeton); contributor to ""CayleyPy"" ML/graph-theory project",[high] https://olimpiada.ru/news/12930
Vladimir Petrov,RUS,"2018, 2019",2,"G, S",not found (~2002),St. Petersburg (based there),"Президентский физико-математический лицей №239, St. Petersburg — NOT СУНЦ НГУ",not found (common-name LinkedIn profiles exist but unconfirmed),[medium] https://nsl.spbstu.ru/news/rossiyane_voshli_v_troyku_luchshih_na_mezghdunarodnoy_olimpiade_po_matematike/
Alexey Lvov,RUS,"2019, 2020",2,"S, G",not found (~2002-03),Novosibirsk,"МАОУ ОЦ «Горностай» (Gornostay education center), Novosibirsk — explicitly NOT СУНЦ НГУ/ФМШ despite being a Novosibirsk medalist","uncertain: possible match to a laureate of ""Математическая прогрессия"" program, described as a SPbGU student — not fully confirmed",[medium (school/city high) / low (career)] https://www.om1.ru/news/society/207252-shkolnik_iz_novosibirska_pobedil_v_mezhdunarodnojj_matematicheskojj_olimpiade/
Ivan Gaidai-Turlov,RUS,"2019, 2020",2,"S, S",not found,Moscow (studied there),Moscow School No. 57 — NOT СУНЦ НГУ,"Full name Иван Павлович Гайдай-Турлов; now affiliated with St. Petersburg Dept. of Steklov Mathematical Institute / SPbU, research on purity theorem for quotient of algebraic torus",[high] http://www.mathnet.ru/rus/person241252
Oleg Smirnov,RUS,2019,1,G,not found,Moscow (Kolmogorov boarding school),"СУНЦ МГУ, Moscow — NOT СУНЦ НГУ",not found reliably,[medium] https://internat.msu.ru/dva-zolota-na-mezhdunarodnoj-olimpiade-po-matematike/
Timofey Kovalev,RUS,2019,1,G,not found,Moscow (Kolmogorov boarding school),"СУНЦ МГУ, Moscow — NOT СУНЦ НГУ",not found,[medium] https://internat.msu.ru/dva-zolota-na-mezhdunarodnoj-olimpiade-po-matematike/
Valeriy Kulishov,RUS,2019,1,S,not found,Moscow (per olimpiada.ru),not confirmed,"possible match: ""Кулишов Валерий Сергеевич,"" HSE-affiliated, co-author of ""Lie elements and the matrix-tree theorem"" (2023) — plausible but not fully verified",[low-medium] http://www.mathnet.ru/php/person.phtml?option_lang=eng&personid=207251
Anton Sadovnichiy,RUS,2020,1,S,not found (~2003-04),Moscow (studied there),"Лицей «Вторая школа», Moscow — NOT СУНЦ НГУ","MIPT student, associated with MIPT's ""Олимпиадные школы"" program; NO confirmed family relation to Viktor Sadovnichiy (MSU rector) found","[medium] interview ""Антон Садовничий: Я научился считать в два года"" (VK/Sirius channels)"
Danil Sibgatullin,RUS,"2020, 2021",2,"S, G",not found,"Kazan, Tatarstan","СУНЦ МГУ (Kolmogorov boarding school, Moscow) — NOT СУНЦ НГУ/Novosibirsk; originally a Kazan lyceum student before transferring",not confirmed (possible MSU mekhmat entrant per 2025 admissions list),[medium] internat.msu.ru/serebro-danila-sibgatullina-na-mezhdunarodnoj-matematicheskoj-olimpiade/
Danila Demin,RUS,2020,1,G,not found,Sochi,Сочинская гимназия №8 — NOT СУНЦ НГУ,Enrolled at MIPT/FPMI after IMO; later research assistant at SPbU Faculty of Mathematics and Computer Science; works in theoretical computer science/algebraic geometry,"[high] https://sochisirius.ru interview ""Мечтаю решить задачи тысячелетия"""
Maksim Turevskii,RUS/RUS-neutral,"2020, 2021, 2022",3,"S, G, G",not found,Saint Petersburg (per prior research),"Presidential Physics and Mathematics Lyceum No. 239, St. Petersburg (later Alferov Academic University Lyceum mentioned)","Studies Mathematics at SPbU; 3x consecutive absolute champion (Grand Grand First Prize) of IMC: 2023, 2024 (99/100), 2025 (perfect 100/100); also ICPC World Finals 2025 champion with SPbU MKN team. Same 2022 neutral-status framing as Bakharev",[medium-high] https://blog.sergeynikolenko.ru/icpc-imc-turevskii/
Aidar Ibragimov,RUS,2021,1,G,not found,Tatarstan (possibly Kazan),"СУНЦ МГУ (Kolmogorov boarding school, Moscow), 2021 graduate — NOT Novosibirsk",not found,[medium] internat.msu.ru/62-ya-mezhdunarodnaya-matematicheskaya-olimpiada/
Andrey Shevtsov,RUS,2021,1,S,not found (~2001-2003),Moscow,"Лицей ""Вторая школа"", Moscow — NOT Novosibirsk","Mathematician-programmer / ML specialist; worked as pricing analyst, later senior analyst, at Yandex.Lavka",[medium] olimpiada.ru/news/21510
Ivan Bakharev,RUS/RUS-neutral,"2021, 2022",2,"G, G",not found,Saint Petersburg (per prior research),"Presidential Physics and Mathematics Lyceum No. 239, St. Petersburg",Studies Mathematics at SPbU; SPbU IMC team Grand First Prize 2023 and 2024. On 2022 status: RF outlets (nplus1.ru) describe Russian IMO-2022 competitors as having competed remotely/individually without national flag after the team was suspended; Russia's unofficial team score (217 pts) was excluded from the official ranking,[medium-high] https://nplus1.ru/news/2022/03/26/no-imo
Matvei Isupov,RUS,2021,1,G,not found,"Izhevsk, Udmurtia","Лицей №41, Izhevsk — NOT Novosibirsk",Studies at SPbU; part of SPbU's IMC-2024-winning team,[medium] olimpiada.ru/news/21510
Alexander Skvortsov,RUS,2026,1,S,not found,Saint Petersburg,"Президентский физико-математический лицей №239, St. Petersburg — NOT Novosibirsk",Graduating; plans to enter SPbU Faculty of Mathematics and Computer Science (classmate of gold medalist Kravchenko),[high] tvspb.ru (Skvortsov interview)
Andrey Shishko,RUS,2026,1,G,not found,Moscow,"Лицей ""Вторая школа"" им. В.Ф. Овчинникова, Moscow — NOT Novosibirsk","Repeat medalist: 2025 gold at Chinese National Mathematical Olympiad, 2026 medal at Romanian Master of Mathematics, then IMO 2026 gold; still finishing school",[medium] vk.com/wall-189825613_105250
Arina Prokudina,RUS,2026,1,G,not found,Chelyabinsk,"Физико-математический лицей №31, Chelyabinsk — NOT Novosibirsk",Recent gold medalist; still a schoolgirl at time of competition,[high] chip.chel-edu.ru
Dmitrii Grishko,RUS/RUS-neutral,"2025, 2026",2,"G, G",not found,Moscow (school location),"School No. 57, Moscow, math-track class (NOT Novosibirsk)","Gold at IMO 2025 (as unaffiliated/neutral Russian participant, 36 pts) then gold again at IMO 2026 in Shanghai as official RUS team member (after Russia's membership was reinstated); also RMM 2026 gold and multiple All-Russian Olympiad wins (math, informatics, physics)",[medium] https://habr.com/ru/news/1060640/
Maksim Bolshakov,RUS,2026,1,S,not found,"Kazan, Tatarstan","Лицей-интернат №2, Kazan (Moskovsky district)","Recent silver; prior gold at Chinese National Mathematical Olympiad, silver at Romanian Master of Mathematics 2026; still in 11th grade",[high] kazved.ru
Roman Kravchenko,RUS,2026,1,G,not found,"Novorossiysk, Krasnodar Krai (started school there)","Президентский физико-математический лицей №239, St. Petersburg (transferred from Технико-экономический лицей Новороссийска) — NOT Novosibirsk",Recent gold; plans to enter SPbU alongside classmate/teammate Skvortsov,[high] nia-spb.ru
Galiia Sharafetdinova,RUS-neutral,2022,1,G,~2004-2005 (age 17 at IMO 2022),Kazan,"Lyceum No. 131, Kazan (NOT SUNTs NGU)","Studied at SPbGU, Faculty of Mathematics; later deputy head of Russian team at EGMO 2023",[medium] https://kazan.aif.ru/politic/vladimir_putin_pozdravil_shkolnicu_iz_kazani_s_pobedoy_v_olimpiade
Taisiia Korotchenko,RUS-neutral,2022,1,S,not found,"not found (attended Lyceum 239 in St. Petersburg since 5th grade, following older brother)","Presidential Physics and Mathematics Lyceum No. 239, St. Petersburg (NOT SUNTs NGU)","Enrolled at SPbGU, Faculty of Mathematics and Computer Science; became a supplementary-education teacher at Lyceum 239",[medium] https://www.sobaka.ru/city/science/153372
Roman Kuznetsov,RUS-neutral,"2022, 2023",2,"S, G",not found (10th grade at Lyceum 239 in 2022),not found,"Presidential Physics and Mathematics Lyceum No. 239, St. Petersburg (NOT SUNTs NGU)","Student at SPbGU Faculty of Mathematics and Computer Science, program ""Mathematics""; part of SPbGU team awarded First Prize at IMC-2024 in Blagoevgrad, Bulgaria",[medium] https://spbu.ru/news-events/novosti/studenty-spbgu-pobediteli-mezhdunarodnoy-matematicheskoy-olimpiady-imc-2024
Denis Mustafin,RUS-neutral,2022,1,S,not found,Moscow (school-based; exact birthplace not found),"Lyceum ""Vtoraya Shkola"" (Second School), Moscow (NOT SUNTs NGU)","First-year student at MIPT, FPMI (Phystech School of Applied Mathematics and Informatics)",[medium] https://mipt.ru/education/departments/fpmi/news/pozdravlyaem_pervokursnikov_fpmi_zavoevavshikh_zolotye_i_serebryanye_medali_na_mezhdunarodnykh_olimp
Aleksandr Gnusov,RUS-neutral,2023,1,G,not found,Kirov (region),"Kirov Physics and Mathematics Lyceum, Kirov (NOT SUNTs NGU)","Enrolled at SPbGU, Faculty of Mathematics and Computer Science; recommended for ""Mathematical Progression"" scholarship, fall 2024/2025",[medium] https://kirovpravda.ru/kirovchanin-aleksandr-gnusov-zavoeval-zoloto-na-mezhdunarodnyh-sorevnovaniyah-v-yaponii/
Alisa Volkova,RUS-neutral,2023,1,G,not found,not found,"Presidential Physics and Mathematics Lyceum No. 239, St. Petersburg (NOT SUNTs NGU)","Listed in SPbGU Pure research portal (Mathematics, code CB.5000.2023), implying enrollment at SPbGU Faculty of Mathematics and Computer Science",[low-medium] https://pureportal.spbu.ru/ru/persons/--(49a97dcc-f317-450c-aab6-e6d05e3304b2).html
Ratibor Koptilin,RUS-neutral,"2023, 2024",2,"G, G","not found (9th grade in 2023, youngest on the team; 10th grade in 2024)",Novosibirsk,"СУНЦ НГУ (ФМШ), Novosibirsk — CONFIRMED",Still a schoolboy as of 2024 (10th grade at СУНЦ НГУ); met PM Mishustin in 2023; also won gold at Chinese national olympiad (Dec 2023) and Romanian Master of Mathematics,[high] https://sesc.nsu.ru/media/news/obrazovanie/3832655/
Eldar Khisamutdinov,RUS-neutral,2023,1,G,not found,not found,"Presidential Physics and Mathematics Lyceum No. 239, St. Petersburg (NOT SUNTs NGU)","First-year (Nov 2023) bachelor's student at SPbGU, program Mathematics; St. Petersburg government scholarship (2023); by 2025, member of SPbGU team winning gold at IMC-2025",[medium-high] https://spbu.ru/news-events/novosti/spbgu-v-shestoy-raz-stal-pobeditelem-imc-2025-studenty-zavoevali-zoloto
Pavel Prozorov,RUS-neutral,2023,1,S,not found,not found,"Lyceum No. 533 ""Educational Complex 'Malaya Okhta'"", St. Petersburg (NOT SUNTs NGU)",Had already published scientific articles at time of IMO (2023); no confirmed university enrollment found,[low] https://siriusmag.ru/articles/1476-vospitanniki-siriusa-zavoevali-pat-zolotyh-medalej-na-mezdunarodnoj-ma/
Ivan Chasovskikh,RUS-neutral,"2024, 2025",2,"G, G",not found,"Khimki, Moscow Oblast (residence; birthplace not separately confirmed)","School No. 14, Khimki, Moscow Oblast (NOT СУНЦ НГУ)","Graduated 11th grade 2025; plans to enter MIPT for theoretical mathematics; became absolute world #1 with a perfect score (42/42) at IMO 2025 after gold (40/42, #2 world) at IMO 2024",[medium] https://mosregtoday.ru/news/obrazovanie/pobeditel-mezhdunarodnoj-olimpiady-iz-himok-podelilsja-pervymi-emotsijami/
Egor Saprunov,RUS-neutral,2024,1,G,not found,Saint Petersburg (school location),"Presidential Physics-Mathematics Lyceum No. 239, St. Petersburg (NOT Novosibirsk)","Won gold at IMO 2024 (31 pts), first international competition; earlier (2023) won silver at Chinese Mathematical Olympiad with Fyodor Nikitin and Mikhail Iugov",[medium] https://nplus1.ru/news/2024/07/22/imo-2024
Tseren Frantsuzov,RUS-neutral,2024,1,G,not found,Saint Petersburg (school location; no source confirms Buryat/Kalmyk regional origin),"Presidential Physics-Mathematics Lyceum No. 239, St. Petersburg (NOT Novosibirsk)",Prize-winner at All-Russian School Olympiad in math 2022 as a Lyceum 239 student; won IMO 2024 gold (29 pts) and RMM gold same period,[medium] https://nplus1.ru/news/2024/07/22/imo-2024
Mikhail Iugov,RUS-neutral,2024,1,S,not found,Saint Petersburg (school location),"Presidential Physics-Mathematics Lyceum No. 239, St. Petersburg (NOT Novosibirsk)",Won IMO 2024 silver (28 pts); earlier (2023) won CMO silver alongside Saprunov and Nikitin,[medium] https://olimpiada.ru/news/27600
Ilya Zamotorin,RUS-neutral,"2024, 2025",2,"S, G",not found,Saint Petersburg (school location),"Presidential Physics-Mathematics Lyceum No. 239, St. Petersburg, class 11-1 (NOT Novosibirsk)",Silver at IMO 2024 (27 pts) to gold at IMO 2025 (35 pts); also CMO 2024 gold and RMM 2025 gold; joined a school math club in 5th grade,[medium] https://www.edu.ru/person/put-k-pobede-kak-rossiyskie-shkolniki-gotovyatsya-/2/
Vasilii Patrushev,RUS-neutral,2025,1,G,not found,Vladivostok (per coach interview; not stated whether birth city or just residence),"School No. 9 with in-depth Chinese-language study, Vladivostok (NOT Novosibirsk)","Graduated school 2025; attended Summer School ""Sovremennaya Matematika"" in Dubna; leaning toward MIPT (fundamental mathematics); earlier RMM 2025 silver and CMO 2024 medal",[medium] https://www.newsvl.ru/vlad/2025/07/22/232903/
Artem Sadykov,RUS-neutral,2025,1,G,not found,Chelyabinsk Oblast (school location),"Physics-Mathematics Lyceum No. 31, Chelyabinsk (NOT Novosibirsk)",Prize-winner at 2022/23 All-Russian Olympiad as a 9th-grader; RMM 2025 silver alongside Patrushev; IMO 2025 medal (35 pts),[medium] http://government.ru/news/55702/
Ivan Kokarev,RUS-neutral,2025,1,S,not found,Chelyabinsk Oblast (school location),"Physics-Mathematics Lyceum No. 31, Chelyabinsk (NOT Novosibirsk)",Prize-winner at 2022/23 All-Russian Olympiad as an 8th-grader; won IMO 2025 silver (33 pts); also a CMO silver medalist,[medium] https://pchela.news/news/detail/45367
